{
  "application": {
    "latency": {
      "durable": {
        "avg_ns": 15825804843.21829,
        "count": 128752779,
        "max_ns": 167903231000,
        "min_ns": 53728000,
        "p50_ns": 13344767000,
        "p95_ns": 40534015000,
        "p999_ns": 116457471000,
        "p99_ns": 75694079000
      },
      "flush": {
        "avg_ns": 535808000.0,
        "count": 1,
        "max_ns": 536063000,
        "min_ns": 535552000,
        "p50_ns": 536063000,
        "p95_ns": 536063000,
        "p999_ns": 536063000,
        "p99_ns": 536063000
      },
      "put": {
        "avg_ns": 1808162.379632986,
        "count": 128752779,
        "max_ns": 133300223000,
        "min_ns": 1000,
        "p50_ns": 170000,
        "p95_ns": 282000,
        "p999_ns": 1179000,
        "p99_ns": 396000
      }
    },
    "operations": {
      "flush": {
        "avg_per_second": 0.00027468946907161087,
        "max_per_second": 0.0,
        "min_per_second": 0.0,
        "p50_per_second": 0.0,
        "p95_per_second": 0.0,
        "p999_per_second": 0.0,
        "p99_per_second": 0.0,
        "total": 1
      },
      "put": {
        "avg_per_second": 35367.03250500445,
        "max_per_second": 470999.4772944123,
        "min_per_second": 0.0,
        "p50_per_second": 0.0,
        "p95_per_second": 246698.8433252241,
        "p999_per_second": 437283.90902750904,
        "p99_per_second": 365394.08406255004,
        "total": 128752779
      }
    },
    "throughput": {
      "put": {
        "avg_bytes_per_second": 14854153.652101869,
        "max_bytes_per_second": 197819780.46365318,
        "min_bytes_per_second": 0.0,
        "p50_bytes_per_second": 0.0,
        "p95_bytes_per_second": 103613514.19659412,
        "p999_bytes_per_second": 183659241.7915538,
        "p99_bytes_per_second": 153465515.30627102,
        "total_bytes": 54076167180
      }
    }
  },
  "client_measurement_ns": 3639938218880,
  "configuration": {
    "build_profile": "release",
    "caches": {
      "block_bytes": 4294967296,
      "metadata_bytes": 536870912,
      "object_store_bytes": 17179869184
    },
    "dataset": {
      "key_bytes": 20,
      "record_count": 300000000,
      "value_bytes": 400,
      "value_compression_ratio": 1.0
    },
    "enabled_features": [
      "aws",
      "foyer",
      "wal_disable",
      "zstd"
    ],
    "scale": 1.0,
    "slate_settings": {
      "compactor_options": {
        "commit_compacted_interval": "1s",
        "manifest_update_timeout": "300s",
        "max_concurrent_compactions": 4,
        "metric_level": null,
        "poll_interval": "5s",
        "scheduler_options": {},
        "worker": {
          "bytes_to_fetch": 2097152,
          "compactions_poll_interval": "5s",
          "compression_codec": null,
          "heartbeat_bytes": 5242880,
          "heartbeat_min_interval": "5s",
          "max_concurrent_compactions": 4,
          "max_fetch_tasks": 4,
          "max_sst_size": 268435456,
          "max_subcompactions": 4,
          "metric_level": null,
          "min_filter_keys": 1000
        },
        "worker_heartbeat_timeout": "30s"
      },
      "compression_codec": null,
      "default_ttl": null,
      "flush_interval": "100ms",
      "garbage_collector_options": {
        "compacted_options": {
          "dry_run": false,
          "interval": "60s",
          "min_age": "300s"
        },
        "compactions_options": {
          "dry_run": false,
          "interval": "60s",
          "min_age": "300s"
        },
        "detach_options": {
          "interval": "60s"
        },
        "manifest_options": {
          "dry_run": false,
          "interval": "60s",
          "min_age": "300s"
        },
        "metric_level": null,
        "wal_fence_options": {
          "dry_run": true,
          "interval": "60s",
          "min_age": "300s"
        },
        "wal_options": {
          "dry_run": false,
          "interval": "60s",
          "min_age": "300s"
        }
      },
      "l0_flush_parallelism": 4,
      "l0_max_ssts": 8,
      "l0_max_ssts_per_key": 8,
      "l0_sst_size_bytes": 67108864,
      "manifest_poll_interval": "1s",
      "manifest_update_timeout": "300s",
      "max_unflushed_bytes": 1073741824,
      "max_wal_flushes_before_l0_flush": 4096,
      "metric_level": "Info",
      "min_filter_keys": 1000,
      "object_store_cache_options": {
        "cache_puts": false,
        "max_cache_size_bytes": 17179869184,
        "max_open_file_handles": 1000,
        "part_size_bytes": 4194304,
        "preload_disk_cache_on_startup": null,
        "root_folder": null,
        "scan_interval": "3600s"
      },
      "wal_enabled": true
    },
    "task": {
      "clients": 64,
      "initial_state": "empty",
      "key_selection": "unique-sequential",
      "measurement_ms": 3600000,
      "operation_mix": {
        "put": 1.0
      },
      "scan_limit": null,
      "task": "sustained-ingest",
      "transaction_hot_keys": null,
      "transaction_reads": null,
      "transaction_updates": null,
      "warmup_ms": 0
    }
  },
  "durability_drain_ns": 535621562,
  "environment": {
    "cpu_cores": 16,
    "cpu_model": "AMD Ryzen 9 7950X3D 16-Core Processor",
    "endpoint": "https://t3.storage.dev",
    "hostname": "warp-16x-x64-wkeh4kep8xvjgoub",
    "kernel": "6.17.0-1018-azure",
    "local_disk": "/dev/vda1:/, /dev/vda16:/boot, /dev/vda15:/boot/efi",
    "object_store": "Tigris",
    "os": "Ubuntu 24.04",
    "ram_bytes": 67426017280,
    "region": "fra",
    "runner_type": "warp-ubuntu-latest-x64-16x"
  },
  "golden_id": "slatedb-v0.14.1",
  "initial_state": {
    "checkpoint_id": null,
    "kind": "empty",
    "lsm_digest_sha256": "66affd985016843401ab51bd144c23b96d91cff9c4c25fc9748cee4df23af370",
    "manifest_id": null
  },
  "machine": {
    "cpu_percent": {
      "avg": 5.2933004575566605,
      "max": 42.30513000488281,
      "min": 0.1253918558359146,
      "p50": 2.19987416267395,
      "p95": 21.598968505859375,
      "p99": 31.464380264282227,
      "p999": 41.07855987548828
    },
    "disk_read_bytes_per_second": {
      "avg": 135.10895596369414,
      "max": 471308.18661219516,
      "min": 0.0,
      "p50": 0.0,
      "p95": 0.0,
      "p99": 0.0,
      "p999": 0.0
    },
    "disk_read_operations_per_second": {
      "avg": 0.03271075848679363,
      "max": 115.06547524711796,
      "min": 0.0,
      "p50": 0.0,
      "p95": 0.0,
      "p99": 0.0,
      "p999": 0.0
    },
    "disk_write_bytes_per_second": {
      "avg": 27222.697208136804,
      "max": 27005598.04282669,
      "min": 0.0,
      "p50": 0.0,
      "p95": 122896.79286357046,
      "p99": 377001.632638609,
      "p999": 1298438.488297126
    },
    "disk_write_operations_per_second": {
      "avg": 0.6625227189430427,
      "max": 206.90425939895255,
      "min": 0.0,
      "p50": 0.0,
      "p95": 2.001207628743565,
      "p99": 12.000885989409941,
      "p999": 43.9981895184995
    },
    "network_receive_bytes_per_second": {
      "avg": 58357958.58777328,
      "max": 464976416.21866107,
      "min": 10166.529422019652,
      "p50": 13924740.17646897,
      "p95": 235222432.80172405,
      "p99": 320807379.95280343,
      "p999": 425186970.92386824
    },
    "network_send_bytes_per_second": {
      "avg": 89098546.30223605,
      "max": 602107659.264982,
      "min": 4408.686688221184,
      "p50": 42073468.995902,
      "p95": 310155168.657427,
      "p99": 429794082.89728975,
      "p999": 549574000.6373128
    },
    "rss_bytes": {
      "avg": 20281020461.01099,
      "max": 23033651200.0,
      "min": 950976512.0,
      "p50": 20638253056.0,
      "p95": 22606548992.0,
      "p99": 22944280576.0,
      "p999": 23033651200.0
    }
  },
  "object_store": {
    "requests": {
      "GET": {
        "avg_per_second": 42.22828676984781,
        "max_per_second": 255.006641902995,
        "min_per_second": 2.0002554486228328,
        "p50_per_second": 22.987244332145604,