{
  "application": {
    "latency": {
      "durable": {
        "avg_ns": 193893930.7389507,
        "count": 20069,
        "max_ns": 1214463000,
        "min_ns": 16576000,
        "p50_ns": 119231000,
        "p95_ns": 665599000,
        "p999_ns": 1056767000,
        "p99_ns": 893439000
      },
      "flush": {
        "avg_ns": 60000.0,
        "count": 1,
        "max_ns": 60000,
        "min_ns": 60000,
        "p50_ns": 60000,
        "p95_ns": 60000,
        "p999_ns": 60000,
        "p99_ns": 60000
      },
      "get": {
        "avg_ns": 151712745.9569527,
        "count": 380097,
        "max_ns": 20611071000,
        "min_ns": 2000,
        "p50_ns": 4323000,
        "p95_ns": 424191000,
        "p999_ns": 7778303000,
        "p99_ns": 2109439000
      },
      "put": {
        "avg_ns": 35311.425581742995,
        "count": 20069,
        "max_ns": 2337000,
        "min_ns": 2000,
        "p50_ns": 32000,
        "p95_ns": 71000,
        "p999_ns": 202000,
        "p99_ns": 106000
      }
    },
    "operations": {
      "flush": {
        "avg_per_second": 0.0011007050664461797,
        "max_per_second": 0.0,
        "min_per_second": 0.0,
        "p50_per_second": 0.0,
        "p95_per_second": 0.0,
        "p999_per_second": 0.0,
        "p99_per_second": 0.0,
        "total": 1
      },
      "get": {
        "avg_per_second": 418.3746936409936,
        "max_per_second": 583.9955540418471,
        "min_per_second": 0.0,
        "p50_per_second": 428.00098739827797,
        "p95_per_second": 528.0071428806289,
        "p999_per_second": 576.8947916968382,
        "p99_per_second": 555.0002347650993,
        "total": 380097
      },
      "put": {
        "avg_per_second": 22.090049978508382,
        "max_per_second": 47.00081146901001,
        "min_per_second": 0.0,
        "p50_per_second": 22.000104522496585,
        "p95_per_second": 32.99956763966478,
        "p999_per_second": 41.99973031973162,
        "p99_per_second": 36.00126180822512,
        "total": 20069
      }
    },
    "throughput": {
      "get": {
        "avg_bytes_per_second": 175717.3713292173,
        "max_bytes_per_second": 245278.13269757578,
        "min_bytes_per_second": 0.0,
        "p50_bytes_per_second": 179760.41470727674,
        "p95_bytes_per_second": 221763.00000986413,
        "p999_bytes_per_second": 242295.81251267204,
        "p99_bytes_per_second": 233100.0986013417,
        "total_bytes": 159640740
      },
      "put": {
        "avg_bytes_per_second": 9277.82099097352,
        "max_bytes_per_second": 19740.340816984204,
        "min_bytes_per_second": 0.0,
        "p50_bytes_per_second": 9240.043899448567,
        "p95_bytes_per_second": 13859.81840865921,
        "p999_bytes_per_second": 17639.88673428728,
        "p99_bytes_per_second": 15120.529959454549,
        "total_bytes": 8428980
      }
    }
  },
  "client_measurement_ns": 908505804160,
  "configuration": {
    "build_profile": "release",
    "caches": {
      "block_bytes": 4294967296,
      "metadata_bytes": 536870912,
      "object_store_bytes": 17179869184
    },
    "dataset": {
      "key_bytes": 20,
      "record_count": 300000000,
      "value_bytes": 400,
      "value_compression_ratio": 1.0
    },
    "enabled_features": [
      "aws",
      "foyer",
      "wal_disable",
      "zstd"
    ],
    "scale": 1.0,
    "slate_settings": {
      "compactor_options": {
        "commit_compacted_interval": "1s",
        "manifest_update_timeout": "300s",
        "max_concurrent_compactions": 4,
        "metric_level": null,
        "object_store_max_retries": null,
        "poll_interval": "1s",
        "scheduler_options": {},
        "worker": {
          "bytes_to_fetch": 2097152,
          "compactions_poll_interval": "1s",
          "compression_codec": null,
          "heartbeat_interval": "10s",
          "max_concurrent_compactions": 4,
          "max_fetch_tasks": 4,
          "max_sst_size": 268435456,
          "max_subcompactions": 4,
          "metric_level": null,
          "min_filter_keys": 1000
        },
        "worker_heartbeat_timeout": "30s"
      },
      "compression_codec": null,
      "default_ttl": null,
      "flush_interval": "100ms",
      "garbage_collector_options": {
        "boundary_files_enabled": true,
        "compacted_options": {
          "dry_run": false,
          "interval": "60s",
          "min_age": "300s"
        },
        "compactions_options": {
          "dry_run": false,
          "interval": "60s",
          "min_age": "300s"
        },
        "detach_options": {
          "interval": "60s"
        },
        "manifest_options": {
          "dry_run": false,
          "interval": "60s",
          "min_age": "300s"
        },
        "metric_level": null,
        "object_store_max_retries": null,
        "wal_fence_options": {
          "dry_run": true,
          "interval": "60s",
          "min_age": "300s"
        },
        "wal_options": {
          "dry_run": false,
          "interval": "60s",
          "min_age": "300s"
        }
      },
      "l0_flush_parallelism": 4,
      "l0_max_ssts": 16,
      "l0_max_ssts_per_key": 8,
      "l0_sst_size_bytes": 67108864,
      "manifest_poll_interval": "1s",
      "manifest_update_timeout": "300s",
      "max_unflushed_bytes": 1073741824,
      "max_wal_flushes_before_l0_flush": 4096,
      "metric_level": "Info",
      "min_filter_keys": 1000,
      "object_store_cache_options": {
        "cache_on_compaction": true,
        "cache_on_flush": true,
        "max_cache_size_bytes": 17179869184,
        "max_open_file_handles": 1000,
        "part_size_bytes": 4194304,
        "preload_disk_cache_on_startup": null,
        "root_folder": null,
        "scan_interval": "3600s"
      },
      "object_store_max_retries": null,
      "wal_enabled": true
    },
    "task": {
      "clients": 64,
      "initial_state": "golden",
      "key_selection": "scrambled-zipfian-0.99",
      "measurement_ms": 900000,
      "operation_mix": {
        "get": 0.95,
        "put": 0.05
      },
      "scan_limit": null,
      "task": "read-heavy",
      "transaction_hot_keys": null,
      "transaction_reads": null,
      "transaction_updates": null,
      "warmup_ms": 300000
    }
  },
  "durability_drain_ns": 112210,
  "environment": {
    "cpu_cores": 16,
    "cpu_model": "AMD Ryzen 9 7950X3D 16-Core Processor",
    "endpoint": "https://t3.storage.dev",
    "hostname": "warp-16x-x64-w64mcxqu0ltg1576",
    "kernel": "6.17.0-1018-azure",
    "local_disk": "/dev/vda1:/, /dev/vda16:/boot, /dev/vda15:/boot/efi",
    "object_store": "Tigris",
    "os": "Ubuntu 24.04",
    "ram_bytes": 67426025472,
    "region": "fra",
    "runner_type": "warp-ubuntu-latest-x64-16x"
  },
  "golden_id": "slatedb-v0.14.1",
  "initial_state": {
    "checkpoint_id": "15622530-c272-4357-b478-742b821ccf4e",
    "kind": "golden",
    "lsm_digest_sha256": "2943c581e0eb2a5e6a92660be3fa689702bc2615e4479a981cc65c4750aca684",
    "manifest_id": 942
  },
  "machine": {
    "cpu_percent": {
      "avg": 16.647534292010747,
      "max": 28.0025691986084,
      "min": 0.3125,
      "p50": 16.979907989501953,
      "p95": 21.511627197265625,
      "p99": 22.83871078491211,
      "p999": 27.971576690673828
    },
    "disk_read_bytes_per_second": {
      "avg": 4.511011104705833,
      "max": 4095.998083072897,
      "min": 0.0,
      "p50": 0.0,
      "p95": 0.0,
      "p99": 0.0,
      "p999": 0.0
    },
    "disk_read_operations_per_second": {
      "avg": 0.0011013210704848226,
      "max": 0.999999532000219,
      "min": 0.0,
      "p50": 0.0,
      "p95": 0.0,
      "p99": 0.0,
      "p999": 0.0
    },
    "disk_write_bytes_per_second": {
      "avg": 660327749.457316,
      "max": 2554965004.782007,
      "min": 0.0,
      "p50": 466304003.75557774,
      "p95": 2220362513.053601,
      "p99": 2388113426.518773,
      "p999": 2505975530.318673
    },
    "disk_write_operations_per_second": {
      "avg": 169.41453292332244,