{
  "application": {
    "latency": {
      "durable": {
        "avg_ns": 153639509.5729666,
        "count": 450644,
        "max_ns": 1989631000,
        "min_ns": 24176000,
        "p50_ns": 123775000,
        "p95_ns": 348671000,
        "p999_ns": 1544191000,
        "p99_ns": 873983000
      },
      "flush": {
        "avg_ns": 49000.0,
        "count": 1,
        "max_ns": 49000,
        "min_ns": 49000,
        "p50_ns": 49000,
        "p95_ns": 49000,
        "p999_ns": 49000,
        "p99_ns": 49000
      },
      "get": {
        "avg_ns": 128244112.93383564,
        "count": 449998,
        "max_ns": 10960895000,
        "min_ns": 2000,
        "p50_ns": 107000,
        "p95_ns": 490239000,
        "p999_ns": 2656255000,
        "p99_ns": 903679000
      },
      "put": {
        "avg_ns": 37043.86389256266,
        "count": 450644,
        "max_ns": 17071000,
        "min_ns": 1000,
        "p50_ns": 18000,
        "p95_ns": 86000,
        "p999_ns": 2241000,
        "p99_ns": 252000
      }
    },
    "operations": {
      "flush": {
        "avg_per_second": 0.0010992092314977265,
        "max_per_second": 0.0,
        "min_per_second": 0.0,
        "p50_per_second": 0.0,
        "p95_per_second": 0.0,
        "p999_per_second": 0.0,
        "p99_per_second": 0.0,
        "total": 1
      },
      "get": {
        "avg_per_second": 494.64195575551395,
        "max_per_second": 690.1738527229793,
        "min_per_second": 0.0,
        "p50_per_second": 502.9903164304281,
        "p95_per_second": 595.9963125708141,
        "p999_per_second": 675.0187628215314,
        "p99_per_second": 631.0190321650291,
        "total": 449998
      },
      "put": {
        "avg_per_second": 495.3520449190615,
        "max_per_second": 741.985595833628,
        "min_per_second": 0.0,
        "p50_per_second": 503.0024008304592,
        "p95_per_second": 609.975123384543,
        "p999_per_second": 735.9947449975208,
        "p99_per_second": 658.0255287584138,
        "total": 450644
      }
    },
    "throughput": {
      "get": {
        "avg_bytes_per_second": 207749.62141731585,
        "max_bytes_per_second": 289873.0181436513,
        "min_bytes_per_second": 0.0,
        "p50_bytes_per_second": 211255.9329007798,
        "p95_bytes_per_second": 250318.45127974192,
        "p999_bytes_per_second": 283507.8803850432,
        "p99_bytes_per_second": 265027.9935093122,
        "total_bytes": 188999160
      },
      "put": {
        "avg_bytes_per_second": 208047.85886600582,
        "max_bytes_per_second": 311633.9502501238,
        "min_bytes_per_second": 0.0,
        "p50_bytes_per_second": 211261.00834879285,
        "p95_bytes_per_second": 256189.55182150807,
        "p999_bytes_per_second": 309117.7928989587,
        "p99_bytes_per_second": 276370.7220785338,
        "total_bytes": 189270480
      }
    }
  },
  "client_measurement_ns": 909743642802,
  "configuration": {
    "build_profile": "release",
    "caches": {
      "block_bytes": 4294967296,
      "metadata_bytes": 536870912,
      "object_store_bytes": 17179869184
    },
    "dataset": {
      "key_bytes": 20,
      "record_count": 300000000,
      "value_bytes": 400,
      "value_compression_ratio": 1.0
    },
    "enabled_features": [
      "aws",
      "foyer",
      "wal_disable",
      "zstd"
    ],
    "scale": 1.0,
    "slate_settings": {
      "compactor_options": {
        "commit_compacted_interval": "1s",
        "manifest_update_timeout": "300s",
        "max_concurrent_compactions": 4,
        "metric_level": null,
        "poll_interval": "5s",
        "scheduler_options": {},
        "worker": {
          "bytes_to_fetch": 2097152,
          "compactions_poll_interval": "5s",
          "compression_codec": null,
          "heartbeat_bytes": 5242880,
          "heartbeat_min_interval": "5s",
          "max_concurrent_compactions": 4,
          "max_fetch_tasks": 4,
          "max_sst_size": 268435456,
          "max_subcompactions": 4,
          "metric_level": null,
          "min_filter_keys": 1000
        },
        "worker_heartbeat_timeout": "30s"
      },
      "compression_codec": null,
      "default_ttl": null,
      "flush_interval": "100ms",
      "garbage_collector_options": {
        "compacted_options": {
          "dry_run": false,
          "interval": "60s",
          "min_age": "300s"
        },
        "compactions_options": {
          "dry_run": false,
          "interval": "60s",
          "min_age": "300s"
        },
        "detach_options": {
          "interval": "60s"
        },
        "manifest_options": {
          "dry_run": false,
          "interval": "60s",
          "min_age": "300s"
        },
        "metric_level": null,
        "wal_fence_options": {
          "dry_run": true,
          "interval": "60s",
          "min_age": "300s"
        },
        "wal_options": {
          "dry_run": false,
          "interval": "60s",
          "min_age": "300s"
        }
      },
      "l0_flush_parallelism": 4,
      "l0_max_ssts": 8,
      "l0_max_ssts_per_key": 8,
      "l0_sst_size_bytes": 67108864,
      "manifest_poll_interval": "1s",
      "manifest_update_timeout": "300s",
      "max_unflushed_bytes": 1073741824,
      "max_wal_flushes_before_l0_flush": 4096,
      "metric_level": "Info",
      "min_filter_keys": 1000,
      "object_store_cache_options": {
        "cache_puts": false,
        "max_cache_size_bytes": 17179869184,
        "max_open_file_handles": 1000,
        "part_size_bytes": 4194304,
        "preload_disk_cache_on_startup": null,
        "root_folder": null,
        "scan_interval": "3600s"
      },
      "wal_enabled": true
    },
    "task": {
      "clients": 64,
      "initial_state": "golden",
      "key_selection": "scrambled-zipfian-0.99",
      "measurement_ms": 900000,
      "operation_mix": {
        "get": 0.5,
        "put": 0.5
      },
      "scan_limit": null,
      "task": "balanced",
      "transaction_hot_keys": null,
      "transaction_reads": null,
      "transaction_updates": null,
      "warmup_ms": 300000
    }
  },
  "durability_drain_ns": 103834,
  "environment": {
    "cpu_cores": 16,
    "cpu_model": "AMD Ryzen 9 7950X3D 16-Core Processor",
    "endpoint": "https://t3.storage.dev",
    "hostname": "warp-16x-x64-wbcom8fvkqgexh6k",
    "kernel": "6.17.0-1018-azure",
    "local_disk": "/dev/vda1:/, /dev/vda16:/boot, /dev/vda15:/boot/efi",
    "object_store": "Tigris",
    "os": "Ubuntu 24.04",
    "ram_bytes": 67426025472,
    "region": "fra",
    "runner_type": "warp-ubuntu-latest-x64-16x"
  },
  "golden_id": "slatedb-v0.14.1",
  "initial_state": {
    "checkpoint_id": "15622530-c272-4357-b478-742b821ccf4e",
    "kind": "golden",
    "lsm_digest_sha256": "2943c581e0eb2a5e6a92660be3fa689702bc2615e4479a981cc65c4750aca684",
    "manifest_id": 942
  },
  "machine": {
    "cpu_percent": {
      "avg": 20.052528731828215,
      "max": 26.168832778930664,
      "min": 0.375,
      "p50": 20.388349533081055,
      "p95": 23.917259216308594,
      "p99": 25.048669815063477,
      "p999": 25.96401023864746
    },
    "disk_read_bytes_per_second": {
      "avg": 518.200712433085,
      "max": 471044.44760167424,
      "min": 0.0,
      "p50": 0.0,
      "p95": 0.0,
      "p99": 0.0,
      "p999": 0.0
    },
    "disk_read_operations_per_second": {
      "avg": 0.12651384580885863,
      "max": 115.0010858402525,
      "min": 0.0,
      "p50": 0.0,
      "p95": 0.0,
      "p99": 0.0,
      "p999": 0.0
    },
    "disk_write_bytes_per_second": {
      "avg": 877682629.575262,
      "max": 1108137053.9166296,
      "min": 0.0,
      "p50": 896448730.0966375,
      "p95": 1028211070.1602095,
      "p99": 1065191197.7711352,
      "p999": 1094830108.8927166
    },
    "disk_write_operations_per_second": {
      "avg": 647.0920019129208,
      "max": 944.9518717112701,
      "min": 0.0,
      "p50": 659.0314575485633,
      "p95": 819.9955835037872,
      "p99": 881.7983194973561,