{
  "application": {
    "latency": {
      "durable": {
        "avg_ns": 13636863009.513443,
        "count": 33788388,
        "max_ns": 84410367000,
        "min_ns": 66688000,
        "p50_ns": 8994815000,
        "p95_ns": 38928383000,
        "p999_ns": 84344831000,
        "p99_ns": 79888383000
      },
      "flush": {
        "avg_ns": 2659328000.0,
        "count": 1,
        "max_ns": 2660351000,
        "min_ns": 2658304000,
        "p50_ns": 2660351000,
        "p95_ns": 2660351000,
        "p999_ns": 2660351000,
        "p99_ns": 2660351000
      },
      "put": {
        "avg_ns": 2851749.2645698274,
        "count": 33788388,
        "max_ns": 267517951000,
        "min_ns": 1000,
        "p50_ns": 160000,
        "p95_ns": 259000,
        "p999_ns": 791000,
        "p99_ns": 361000
      }
    },
    "operations": {
      "flush": {
        "avg_per_second": 0.000662750097980737,
        "max_per_second": 0.0,
        "min_per_second": 0.0,
        "p50_per_second": 0.0,
        "p95_per_second": 0.0,
        "p999_per_second": 0.0,
        "p99_per_second": 0.0,
        "total": 1
      },
      "put": {
        "avg_per_second": 22393.257457611155,
        "max_per_second": 543143.4743307384,
        "min_per_second": 0.0,
        "p50_per_second": 0.0,
        "p95_per_second": 241102.1269591418,
        "p999_per_second": 470065.54505360103,
        "p99_per_second": 392850.1184462138,
        "total": 33788388
      }
    },
    "throughput": {
      "put": {
        "avg_bytes_per_second": 9405168.132196685,
        "max_bytes_per_second": 228120259.21891013,
        "min_bytes_per_second": 0.0,
        "p50_bytes_per_second": 0.0,
        "p95_bytes_per_second": 101262893.32283956,
        "p999_bytes_per_second": 197427528.92251244,
        "p99_bytes_per_second": 164997049.7474098,
        "total_bytes": 14191122960
      }
    }
  },
  "client_measurement_ns": 1506161388895,
  "configuration": {
    "build_profile": "release",
    "caches": {
      "block_bytes": 4294967296,
      "metadata_bytes": 536870912,
      "object_store_bytes": 17179869184
    },
    "dataset": {
      "key_bytes": 20,
      "record_count": 300000000,
      "value_bytes": 400,
      "value_compression_ratio": 1.0
    },
    "enabled_features": [
      "aws",
      "foyer",
      "wal_disable",
      "zstd"
    ],
    "scale": 1.0,
    "slate_settings": {
      "compactor_options": {
        "commit_compacted_interval": "1s",
        "manifest_update_timeout": "300s",
        "max_concurrent_compactions": 4,
        "metric_level": null,
        "object_store_max_retries": null,
        "poll_interval": "5s",
        "scheduler_options": {},
        "worker": {
          "bytes_to_fetch": 2097152,
          "compactions_poll_interval": "5s",
          "compression_codec": null,
          "heartbeat_interval": "10s",
          "max_concurrent_compactions": 4,
          "max_fetch_tasks": 4,
          "max_sst_size": 268435456,
          "max_subcompactions": 4,
          "metric_level": null,
          "min_filter_keys": 1000
        },
        "worker_heartbeat_timeout": "30s"
      },
      "compression_codec": null,
      "default_ttl": null,
      "flush_interval": "100ms",
      "garbage_collector_options": {
        "boundary_files_enabled": true,
        "compacted_options": {
          "dry_run": false,
          "interval": "60s",
          "min_age": "300s"
        },
        "compactions_options": {
          "dry_run": false,
          "interval": "60s",
          "min_age": "300s"
        },
        "detach_options": {
          "interval": "60s"
        },
        "manifest_options": {
          "dry_run": false,
          "interval": "60s",
          "min_age": "300s"
        },
        "metric_level": null,
        "object_store_max_retries": null,
        "wal_fence_options": {
          "dry_run": true,
          "interval": "60s",
          "min_age": "300s"
        },
        "wal_options": {
          "dry_run": false,
          "interval": "60s",
          "min_age": "300s"
        }
      },
      "l0_flush_parallelism": 4,
      "l0_max_ssts": 8,
      "l0_max_ssts_per_key": 8,
      "l0_sst_size_bytes": 67108864,
      "manifest_poll_interval": "1s",
      "manifest_update_timeout": "300s",
      "max_unflushed_bytes": 1073741824,
      "max_wal_flushes_before_l0_flush": 4096,
      "metric_level": "Info",
      "min_filter_keys": 1000,
      "object_store_cache_options": {
        "cache_on_compaction": false,
        "cache_on_flush": false,
        "max_cache_size_bytes": 17179869184,
        "max_open_file_handles": 1000,
        "part_size_bytes": 4194304,
        "preload_disk_cache_on_startup": null,
        "root_folder": null,
        "scan_interval": "3600s"
      },
      "object_store_max_retries": null,
      "wal_enabled": true
    },
    "task": {
      "clients": 64,
      "initial_state": "empty",
      "key_selection": "unique-sequential",
      "measurement_ms": 1500000,
      "operation_mix": {
        "put": 1.0
      },
      "scan_limit": null,
      "task": "sustained-ingest",
      "transaction_hot_keys": null,
      "transaction_reads": null,
      "transaction_updates": null,
      "warmup_ms": 0
    }
  },
  "durability_drain_ns": 2700906241,
  "environment": {
    "cpu_cores": 16,
    "cpu_model": "AMD Ryzen 9 7950X3D 16-Core Processor",
    "endpoint": "https://t3.storage.dev",
    "hostname": "warp-16x-x64-w0pkc4tivm2yf8rv",
    "kernel": "6.17.0-1018-azure",
    "local_disk": "/dev/vda1:/",
    "object_store": "Tigris",
    "os": "Ubuntu 24.04",
    "ram_bytes": 67426021376,
    "region": "fra",
    "runner_type": "warp-ubuntu-latest-x64-16x"
  },
  "golden_id": "slatedb-v0.14.1",
  "initial_state": {
    "checkpoint_id": null,
    "kind": "empty",
    "lsm_digest_sha256": "66affd985016843401ab51bd144c23b96d91cff9c4c25fc9748cee4df23af370",
    "manifest_id": null
  },
  "machine": {
    "cpu_percent": {
      "avg": 2.741032752378866,
      "max": 34.16556930541992,
      "min": 0.1875,
      "p50": 0.7504690289497375,
      "p95": 15.410052299499512,
      "p99": 25.31229591369629,
      "p999": 33.797218322753906
    },
    "disk_read_bytes_per_second": {
      "avg": 1440.4050520187131,
      "max": 1111454.883351057,
      "min": 0.0,
      "p50": 0.0,
      "p95": 0.0,
      "p99": 0.0,
      "p999": 303068.9209846717
    },
    "disk_read_operations_per_second": {
      "avg": 0.14724354456060973,
      "max": 115.02756428528481,
      "min": 0.0,
      "p50": 0.0,
      "p95": 0.0,
      "p99": 0.0,
      "p999": 31.025873623972355
    },
    "disk_write_bytes_per_second": {
      "avg": 41604.794668832525,
      "max": 39805072.759619966,
      "min": 0.0,
      "p50": 0.0,
      "p95": 102417.98900284243,
      "p99": 262164.9422599176,
      "p999": 830893.928290045
    },
    "disk_write_operations_per_second": {
      "avg": 0.8348619275611743,
      "max": 158.03378983674014,
      "min": 0.0,
      "p50": 0.0,
      "p95": 2.000996007768843,
      "p99": 14.999424622071498,
      "p999": 53.96816018866086
    },
    "network_receive_bytes_per_second": {
      "avg": 24385832.786698163,
      "max": 448421774.1273993,
      "min": 5220.982436615084,
      "p50": 5734468.430354454,
      "p95": 115328602.40697774,
      "p99": 245952115.5877135,
      "p999": 443491106.73076075
    },
    "network_send_bytes_per_second": {
      "avg": 43741573.0504275,
      "max": 520808457.44581425,
      "min": 4405.966686714932,
      "p50": 13682799.397942467,
      "p95": 210080338.8481404,
      "p99": 361143951.1011441,
      "p999": 488319581.1893563
    },
    "rss_bytes": {
      "avg": 14223333484.647215,
      "max": 20089143296.0,
      "min": 939106304.0,
      "p50": 16669556736.0,
      "p95": 19479306240.0,
      "p99": 19987513344.0,
      "p999": 20057935872.0
    }
  },
  "object_store": {
    "requests": {
      "GET": {
        "avg_per_second": 21.25174464185031,