{
  "application": {
    "latency": {
      "durable": {
        "avg_ns": 44545885978.04806,
        "count": 6491090,
        "max_ns": 484442111000,
        "min_ns": 67264000,
        "p50_ns": 2199551000,
        "p95_ns": 433848319000,
        "p999_ns": 484179967000,
        "p99_ns": 481296383000
      },
      "flush": {
        "avg_ns": 65104000.0,
        "count": 1,
        "max_ns": 65119000,
        "min_ns": 65088000,
        "p50_ns": 65119000,
        "p95_ns": 65119000,
        "p999_ns": 65119000,
        "p99_ns": 65119000
      },
      "transaction.commit": {
        "avg_ns": 6969432.530251753,
        "count": 8103743,
        "max_ns": 394002431000,
        "min_ns": 6000,
        "p50_ns": 2095000,
        "p95_ns": 2787000,
        "p999_ns": 7555000,
        "p99_ns": 4115000
      },
      "transaction.get": {
        "avg_ns": 62438.12857836186,
        "count": 40518715,
        "max_ns": 22223000,
        "min_ns": 5000,
        "p50_ns": 57000,
        "p95_ns": 126000,
        "p999_ns": 334000,
        "p99_ns": 187000
      },
      "transaction.put": {
        "avg_ns": 1380.0190603280532,
        "count": 40518715,
        "max_ns": 11159000,
        "min_ns": 1000,
        "p50_ns": 1000,
        "p95_ns": 2000,
        "p999_ns": 37000,
        "p99_ns": 9000
      }
    },
    "operations": {
      "flush": {
        "avg_per_second": 0.0010617679017525538,
        "max_per_second": 0.0,
        "min_per_second": 0.0,
        "p50_per_second": 0.0,
        "p95_per_second": 0.0,
        "p999_per_second": 0.0,
        "p99_per_second": 0.0,
        "total": 1
      },
      "transaction.commit": {
        "avg_per_second": 8604.294201451945,
        "max_per_second": 30141.521325252885,
        "min_per_second": 0.0,
        "p50_per_second": 0.0,
        "p95_per_second": 28303.089325386623,
        "p999_per_second": 29847.005402692106,
        "p99_per_second": 29170.527197325613,
        "total": 8103743
      },
      "transaction.get": {
        "avg_per_second": 43021.47100725972,
        "max_per_second": 150707.60662626443,
        "min_per_second": 0.0,
        "p50_per_second": 0.0,
        "p95_per_second": 141518.44918246818,
        "p999_per_second": 149253.03304949796,
        "p99_per_second": 145846.63813997497,
        "total": 40518715
      },
      "transaction.put": {
        "avg_per_second": 43021.47100725972,
        "max_per_second": 150712.60853820023,
        "min_per_second": 0.0,
        "p50_per_second": 0.0,
        "p95_per_second": 141517.44833062316,
        "p999_per_second": 149252.03271416255,
        "p99_per_second": 145850.63670441037,
        "total": 40518715
      }
    },
    "throughput": {
      "transaction.get": {
        "avg_bytes_per_second": 18069017.823049083,
        "max_bytes_per_second": 63297194.783031054,
        "min_bytes_per_second": 0.0,
        "p50_bytes_per_second": 0.0,
        "p95_bytes_per_second": 59437748.65663663,
        "p999_bytes_per_second": 62686273.88078914,
        "p99_bytes_per_second": 61255588.018789485,
        "total_bytes": 17017860300
      },
      "transaction.put": {
        "avg_bytes_per_second": 18069017.823049083,
        "max_bytes_per_second": 63299295.5860441,
        "min_bytes_per_second": 0.0,
        "p50_bytes_per_second": 0.0,
        "p95_bytes_per_second": 59437328.29886173,
        "p999_bytes_per_second": 62685853.739948265,
        "p99_bytes_per_second": 61257267.41585235,
        "total_bytes": 17017860300
      }
    }
  },
  "client_measurement_ns": 941757407704,
  "configuration": {
    "build_profile": "release",
    "caches": {
      "block_bytes": 4294967296,
      "metadata_bytes": 536870912,
      "object_store_bytes": 17179869184
    },
    "dataset": {
      "key_bytes": 20,
      "record_count": 300000000,
      "value_bytes": 400,
      "value_compression_ratio": 1.0
    },
    "enabled_features": [
      "aws",
      "foyer",
      "wal_disable",
      "zstd"
    ],
    "scale": 1.0,
    "slate_settings": {
      "compactor_options": {
        "commit_compacted_interval": "1s",
        "manifest_update_timeout": "300s",
        "max_concurrent_compactions": 4,
        "metric_level": null,
        "object_store_max_retries": null,
        "poll_interval": "5s",
        "scheduler_options": {},
        "worker": {
          "bytes_to_fetch": 2097152,
          "compactions_poll_interval": "5s",
          "compression_codec": null,
          "heartbeat_interval": "10s",
          "max_concurrent_compactions": 4,
          "max_fetch_tasks": 4,
          "max_sst_size": 268435456,
          "max_subcompactions": 4,
          "metric_level": null,
          "min_filter_keys": 1000
        },
        "worker_heartbeat_timeout": "30s"
      },
      "compression_codec": null,
      "default_ttl": null,
      "flush_interval": "100ms",
      "garbage_collector_options": {
        "boundary_files_enabled": true,
        "compacted_options": {
          "dry_run": false,
          "interval": "60s",
          "min_age": "300s"
        },
        "compactions_options": {
          "dry_run": false,
          "interval": "60s",
          "min_age": "300s"
        },
        "detach_options": {
          "interval": "60s"
        },
        "manifest_options": {
          "dry_run": false,
          "interval": "60s",
          "min_age": "300s"
        },
        "metric_level": null,
        "object_store_max_retries": null,
        "wal_fence_options": {
          "dry_run": true,
          "interval": "60s",
          "min_age": "300s"
        },
        "wal_options": {
          "dry_run": false,
          "interval": "60s",
          "min_age": "300s"
        }
      },
      "l0_flush_parallelism": 4,
      "l0_max_ssts": 8,
      "l0_max_ssts_per_key": 8,
      "l0_sst_size_bytes": 67108864,
      "manifest_poll_interval": "1s",
      "manifest_update_timeout": "300s",
      "max_unflushed_bytes": 1073741824,
      "max_wal_flushes_before_l0_flush": 4096,
      "metric_level": "Info",
      "min_filter_keys": 1000,
      "object_store_cache_options": {
        "cache_on_compaction": false,
        "cache_on_flush": false,
        "max_cache_size_bytes": 17179869184,
        "max_open_file_handles": 1000,
        "part_size_bytes": 4194304,
        "preload_disk_cache_on_startup": null,
        "root_folder": null,
        "scan_interval": "3600s"
      },
      "object_store_max_retries": null,
      "wal_enabled": true
    },
    "task": {
      "clients": 64,
      "initial_state": "golden",
      "key_selection": "uniform-hot-set",
      "measurement_ms": 900000,
      "operation_mix": {
        "transaction": 1.0
      },
      "scan_limit": null,
      "task": "transaction-contention",
      "transaction_hot_keys": 10000,
      "transaction_reads": 5,
      "transaction_updates": 5,
      "warmup_ms": 300000
    }
  },
  "durability_drain_ns": 65175855,
  "environment": {
    "cpu_cores": 16,
    "cpu_model": "AMD Ryzen 9 7950X3D 16-Core Processor",
    "endpoint": "https://t3.storage.dev",
    "hostname": "warp-16x-x64-wnl7waqk2hz1mmaw",
    "kernel": "6.17.0-1018-azure",
    "local_disk": "/dev/vda1:/, /dev/vda16:/boot, /dev/vda15:/boot/efi",
    "object_store": "Tigris",
    "os": "Ubuntu 24.04",
    "ram_bytes": 67426025472,
    "region": "fra",
    "runner_type": "warp-ubuntu-latest-x64-16x"
  },
  "golden_id": "slatedb-v0.14.1",
  "initial_state": {
    "checkpoint_id": "15622530-c272-4357-b478-742b821ccf4e",
    "kind": "golden",
    "lsm_digest_sha256": "2943c581e0eb2a5e6a92660be3fa689702bc2615e4479a981cc65c4750aca684",
    "manifest_id": 942
  },
  "machine": {
    "cpu_percent": {
      "avg": 18.533225377405994,
      "max": 93.55255126953125,
      "min": 0.1875,
      "p50": 0.37593984603881836,
      "p95": 78.58065032958984,
      "p99": 89.54838562011719,
      "p999": 92.6611328125
    },
    "disk_read_bytes_per_second": {
      "avg": 0.0,
      "max": 0.0,