{
  "application": {
    "latency": {
      "durable": {
        "avg_ns": 2307236434.5892,
        "count": 7493716,
        "max_ns": 38633471000,
        "min_ns": 36544000,
        "p50_ns": 235519000,
        "p95_ns": 12361727000,
        "p999_ns": 37584895000,
        "p99_ns": 31408127000
      },
      "flush": {
        "avg_ns": 119000.0,
        "count": 1,
        "max_ns": 119000,
        "min_ns": 119000,
        "p50_ns": 119000,
        "p95_ns": 119000,
        "p999_ns": 119000,
        "p99_ns": 119000
      },
      "get": {
        "avg_ns": 146440856.91139913,
        "count": 393777,
        "max_ns": 21938175000,
        "min_ns": 5000,
        "p50_ns": 73000,
        "p95_ns": 465151000,
        "p999_ns": 8298495000,
        "p99_ns": 3115007000
      },
      "put": {
        "avg_ns": 9397.674931902939,
        "count": 7493716,
        "max_ns": 364031000,
        "min_ns": 1000,
        "p50_ns": 6000,
        "p95_ns": 24000,
        "p999_ns": 119000,
        "p99_ns": 49000
      }
    },
    "operations": {
      "flush": {
        "avg_per_second": 0.0010924646983921547,
        "max_per_second": 0.0,
        "min_per_second": 0.0,
        "p50_per_second": 0.0,
        "p95_per_second": 0.0,
        "p999_per_second": 0.0,
        "p99_per_second": 0.0,
        "total": 1
      },
      "get": {
        "avg_per_second": 430.18747153876745,
        "max_per_second": 922.0020652846263,
        "min_per_second": 0.0,
        "p50_per_second": 441.9891756850875,
        "p95_per_second": 740.0329891905922,
        "p999_per_second": 909.9720529383101,
        "p99_per_second": 814.0242595509832,
        "total": 393777
      },
      "put": {
        "avg_per_second": 8186.620189776463,
        "max_per_second": 18373.04115561219,
        "min_per_second": 0.0,
        "p50_per_second": 8397.023688003825,
        "p95_per_second": 14138.905170363021,
        "p999_per_second": 17104.4746873734,
        "p99_per_second": 15896.4737467106,
        "total": 7493716
      }
    },
    "throughput": {
      "get": {
        "avg_bytes_per_second": 180678.73804628235,
        "max_bytes_per_second": 387240.86741954304,
        "min_bytes_per_second": 0.0,
        "p50_bytes_per_second": 185635.45378773674,
        "p95_bytes_per_second": 310813.8554600487,
        "p999_bytes_per_second": 382188.26223409025,
        "p99_bytes_per_second": 341890.1890114129,
        "total_bytes": 165386340
      },
      "put": {
        "avg_bytes_per_second": 3438380.4797061146,
        "max_bytes_per_second": 7716677.2853571195,
        "min_bytes_per_second": 0.0,
        "p50_bytes_per_second": 3526749.9489616062,
        "p95_bytes_per_second": 5938340.171552469,
        "p999_bytes_per_second": 7183879.368696828,
        "p99_bytes_per_second": 6676518.9736184515,
        "total_bytes": 3147360720
      }
    }
  },
  "client_measurement_ns": 915359640881,
  "configuration": {
    "build_profile": "release",
    "caches": {
      "block_bytes": 4294967296,
      "metadata_bytes": 536870912,
      "object_store_bytes": 17179869184
    },
    "dataset": {
      "key_bytes": 20,
      "record_count": 300000000,
      "value_bytes": 400,
      "value_compression_ratio": 1.0
    },
    "enabled_features": [
      "aws",
      "foyer",
      "wal_disable",
      "zstd"
    ],
    "scale": 1.0,
    "slate_settings": {
      "compactor_options": {
        "commit_compacted_interval": "1s",
        "manifest_update_timeout": "300s",
        "max_concurrent_compactions": 4,
        "metric_level": null,
        "object_store_max_retries": null,
        "poll_interval": "5s",
        "scheduler_options": {},
        "worker": {
          "bytes_to_fetch": 2097152,
          "compactions_poll_interval": "5s",
          "compression_codec": null,
          "heartbeat_interval": "10s",
          "max_concurrent_compactions": 4,
          "max_fetch_tasks": 4,
          "max_sst_size": 268435456,
          "max_subcompactions": 4,
          "metric_level": null,
          "min_filter_keys": 1000
        },
        "worker_heartbeat_timeout": "30s"
      },
      "compression_codec": null,
      "default_ttl": null,
      "flush_interval": "100ms",
      "garbage_collector_options": {
        "boundary_files_enabled": true,
        "compacted_options": {
          "dry_run": false,
          "interval": "60s",
          "min_age": "300s"
        },
        "compactions_options": {
          "dry_run": false,
          "interval": "60s",
          "min_age": "300s"
        },
        "detach_options": {
          "interval": "60s"
        },
        "manifest_options": {
          "dry_run": false,
          "interval": "60s",
          "min_age": "300s"
        },
        "metric_level": null,
        "object_store_max_retries": null,
        "wal_fence_options": {
          "dry_run": true,
          "interval": "60s",
          "min_age": "300s"
        },
        "wal_options": {
          "dry_run": false,
          "interval": "60s",
          "min_age": "300s"
        }
      },
      "l0_flush_parallelism": 4,
      "l0_max_ssts": 8,
      "l0_max_ssts_per_key": 8,
      "l0_sst_size_bytes": 67108864,
      "manifest_poll_interval": "1s",
      "manifest_update_timeout": "300s",
      "max_unflushed_bytes": 1073741824,
      "max_wal_flushes_before_l0_flush": 4096,
      "metric_level": "Info",
      "min_filter_keys": 1000,
      "object_store_cache_options": {
        "cache_on_compaction": false,
        "cache_on_flush": false,
        "max_cache_size_bytes": 17179869184,
        "max_open_file_handles": 1000,
        "part_size_bytes": 4194304,
        "preload_disk_cache_on_startup": null,
        "root_folder": null,
        "scan_interval": "3600s"
      },
      "object_store_max_retries": null,
      "wal_enabled": true
    },
    "task": {
      "clients": 64,
      "initial_state": "golden",
      "key_selection": "scrambled-zipfian-0.99",
      "measurement_ms": 900000,
      "operation_mix": {
        "get": 0.05,
        "put": 0.95
      },
      "scan_limit": null,
      "task": "update-heavy",
      "transaction_hot_keys": null,
      "transaction_reads": null,
      "transaction_updates": null,
      "warmup_ms": 300000
    }
  },
  "durability_drain_ns": 180538,
  "environment": {
    "cpu_cores": 16,
    "cpu_model": "AMD Ryzen 9 7950X3D 16-Core Processor",
    "endpoint": "https://t3.storage.dev",
    "hostname": "warp-16x-x64-wp7tqaxprlihee4d",
    "kernel": "6.17.0-1018-azure",
    "local_disk": "/dev/vda1:/, /dev/vda16:/boot, /dev/vda15:/boot/efi",
    "object_store": "Tigris",
    "os": "Ubuntu 24.04",
    "ram_bytes": 67426025472,
    "region": "fra",
    "runner_type": "warp-ubuntu-latest-x64-16x"
  },
  "golden_id": "slatedb-v0.14.1",
  "initial_state": {
    "checkpoint_id": "15622530-c272-4357-b478-742b821ccf4e",
    "kind": "golden",
    "lsm_digest_sha256": "2943c581e0eb2a5e6a92660be3fa689702bc2615e4479a981cc65c4750aca684",
    "manifest_id": 942
  },
  "machine": {
    "cpu_percent": {
      "avg": 12.283209600148957,
      "max": 29.90163803100586,
      "min": 0.3126954436302185,
      "p50": 12.3385009765625,
      "p95": 22.22946548461914,
      "p99": 25.78740119934082,
      "p999": 29.449838638305664
    },
    "disk_read_bytes_per_second": {
      "avg": 800.8288120134657,
      "max": 470726.2402489195,
      "min": 0.0,
      "p50": 0.0,
      "p95": 0.0,
      "p99": 0.0,
      "p999": 131064.2639318214
    },
    "disk_read_operations_per_second": {
      "avg": 0.13106189329540524,
      "max": 114.92339849827137,
      "min": 0.0,
      "p50": 0.0,
      "p95": 0.0,
      "p99": 0.0,
      "p999": 2.9998229354512347
    },
    "disk_write_bytes_per_second": {
      "avg": 500324619.65347874,
      "max": 3893120149.1353545,
      "min": 0.0,
      "p50": 40632051.584667236,
      "p95": 2180051531.996402,
      "p99": 3066042324.7914543,
      "p999": 3740913173.640449
    },