{
  "application": {
    "latency": {
      "flush": {
        "avg_ns": 3875840000.0,
        "count": 1,
        "max_ns": 3876863000,
        "min_ns": 3874816000,
        "p50_ns": 3876863000,
        "p95_ns": 3876863000,
        "p999_ns": 3876863000,
        "p99_ns": 3876863000
      },
      "write": {
        "avg_ns": 1620922.3945195538,
        "count": 292969,
        "max_ns": 972287000,
        "min_ns": 521000,
        "p50_ns": 743000,
        "p95_ns": 1274000,
        "p999_ns": 250111000,
        "p99_ns": 2379000
      }
    },
    "operations": {
      "flush": {
        "avg_per_second": 0.0020830362813759325,
        "max_per_second": 14.727507098142958,
        "min_per_second": 0.0,
        "p50_per_second": 0.0,
        "p95_per_second": 0.0,
        "p999_per_second": 14.727507098142958,
        "p99_per_second": 0.0,
        "total": 1
      },
      "write": {
        "avg_per_second": 610.2650563184255,
        "max_per_second": 1019.7392251471707,
        "min_per_second": 0.0,
        "p50_per_second": 585.916814460267,
        "p95_per_second": 827.9745546859855,
        "p999_per_second": 1019.7392251471707,
        "p99_per_second": 927.5055134205969,
        "total": 292969
      }
    },
    "throughput": {
      "write": {
        "avg_bytes_per_second": 262462571.45336747,
        "max_bytes_per_second": 438569445.9512952,
        "min_bytes_per_second": 0.0,
        "p50_bytes_per_second": 251991103.56307164,
        "p95_bytes_per_second": 356095296.4793486,
        "p999_bytes_per_second": 438569445.9512952,
        "p99_bytes_per_second": 398901571.21193033,
        "total_bytes": 126000000000
      }
    }
  },
  "checkpoint": {
    "checkpoint_id": "aca24ee2-52c3-42df-b286-8191f74e37fa",
    "database_path": "benchmark/goldens/golden/bulk-load/database",
    "live_sst_bytes": 132276189301,
    "lsm_digest_sha256": "c87fb923293782a654c47650ae02778172e55d252089ed02159fc80fe2de1823",
    "manifest_id": 1830
  },
  "configuration": {
    "build_profile": "release",
    "caches": {
      "block_bytes": 4294967296,
      "metadata_bytes": 536870912,
      "object_store_bytes": 42949672960
    },
    "dataset": {
      "key_bytes": 20,
      "record_count": 300000000,
      "value_bytes": 400,
      "value_compression_ratio": 1.0
    },
    "enabled_features": [
      "aws",
      "foyer",
      "wal_disable",
      "zstd"
    ],
    "scale": 1.0,
    "slate_default_settings": {
      "compactor_options": {
        "commit_compacted_interval": "1s",
        "manifest_update_timeout": "300s",
        "max_concurrent_compactions": 4,
        "metric_level": null,
        "object_store_max_retries": null,
        "poll_interval": "5s",
        "scheduler_options": {},
        "worker": {
          "bytes_to_fetch": 2097152,
          "compactions_poll_interval": "5s",
          "compression_codec": null,
          "heartbeat_interval": "10s",
          "max_concurrent_compactions": 4,
          "max_fetch_tasks": 4,
          "max_sst_size": 268435456,
          "max_subcompactions": 4,
          "metric_level": null,
          "min_filter_keys": 1000
        },
        "worker_heartbeat_timeout": "30s"
      },
      "compression_codec": null,
      "default_ttl": null,
      "flush_interval": "100ms",
      "garbage_collector_options": {
        "boundary_files_enabled": true,
        "compacted_options": {
          "dry_run": false,
          "interval": "60s",
          "min_age": "300s"
        },
        "compactions_options": {
          "dry_run": false,
          "interval": "60s",
          "min_age": "300s"
        },
        "detach_options": {
          "interval": "60s"
        },
        "manifest_options": {
          "dry_run": false,
          "interval": "60s",
          "min_age": "300s"
        },
        "metric_level": null,
        "object_store_max_retries": null,
        "wal_fence_options": {
          "dry_run": true,
          "interval": "60s",
          "min_age": "300s"
        },
        "wal_options": {
          "dry_run": false,
          "interval": "60s",
          "min_age": "300s"
        }
      },
      "l0_flush_parallelism": 4,
      "l0_max_ssts": 8,
      "l0_max_ssts_per_key": 8,
      "l0_sst_size_bytes": 67108864,
      "manifest_poll_interval": "1s",
      "manifest_update_timeout": "300s",
      "max_unflushed_bytes": 1073741824,
      "max_wal_flushes_before_l0_flush": 4096,
      "metric_level": "Info",
      "min_filter_keys": 1000,
      "object_store_cache_options": {
        "cache_on_compaction": false,
        "cache_on_flush": false,
        "max_cache_size_bytes": 17179869184,
        "max_open_file_handles": 1000,
        "part_size_bytes": 4194304,
        "preload_disk_cache_on_startup": null,
        "root_folder": null,
        "scan_interval": "3600s"
      },
      "object_store_max_retries": null,
      "wal_enabled": true
    },
    "slate_settings": {
      "compactor_options": null,
      "compression_codec": null,
      "default_ttl": null,
      "flush_interval": "100ms",
      "garbage_collector_options": {
        "boundary_files_enabled": true,
        "compacted_options": {
          "dry_run": false,
          "interval": "60s",
          "min_age": "300s"
        },
        "compactions_options": {
          "dry_run": false,
          "interval": "60s",
          "min_age": "300s"
        },
        "detach_options": {
          "interval": "60s"
        },
        "manifest_options": {
          "dry_run": false,
          "interval": "60s",
          "min_age": "300s"
        },
        "metric_level": null,
        "object_store_max_retries": null,
        "wal_fence_options": {
          "dry_run": true,
          "interval": "60s",
          "min_age": "300s"
        },
        "wal_options": {
          "dry_run": false,
          "interval": "60s",
          "min_age": "300s"
        }
      },
      "l0_flush_parallelism": 4,
      "l0_max_ssts": 4294967295,
      "l0_max_ssts_per_key": 4294967295,
      "l0_sst_size_bytes": 67108864,
      "manifest_poll_interval": "1s",
      "manifest_update_timeout": "300s",
      "max_unflushed_bytes": 1073741824,
      "max_wal_flushes_before_l0_flush": 4096,
      "metric_level": "Info",
      "min_filter_keys": 1000,
      "object_store_cache_options": {
        "cache_on_compaction": false,
        "cache_on_flush": true,
        "max_cache_size_bytes": 42949672960,
        "max_open_file_handles": 1000,
        "part_size_bytes": 4194304,
        "preload_disk_cache_on_startup": null,
        "root_folder": null,
        "scan_interval": "3600s"
      },
      "object_store_max_retries": null,
      "wal_enabled": false
    },
    "task": {
      "clients": 0,
      "initial_state": "preparation",
      "key_selection": "none",
      "measurement_ms": 0,
      "operation_mix": {},
      "scan_limit": null,
      "task": "bulk-load",
      "transaction_hot_keys": null,
      "transaction_reads": null,
      "transaction_updates": null,
      "warmup_ms": 0
    }
  },
  "dataset": {
    "key_bytes": 20,
    "live_sst_bytes": 132276189301,
    "logical_bytes": 126000000000,
    "record_count": 300000000,
    "value_bytes": 400
  },
  "environment": {
    "cpu_cores": 36,
    "cpu_model": "Intel(R) Xeon(R) Platinum 8124M CPU @ 3.00GHz",
    "endpoint": "AWS default",
    "hostname": "9e47e6109717",
    "kernel": "4.14.355-284.740.amzn2.x86_64",
    "local_disk": "overlay:/, /dev/nvme0n1p1:/codebuild/bootstrap, /dev/nvme0n1p1:/codebuild/output, /dev/nvme0n1p1:/codebuild/readonly, /dev/nvme0n1p1:/etc/resolv.conf, /dev/nvme0n1p1:/etc/hostname, /dev/nvme0n1p1:/etc/hosts, /dev/nvme0n1p1:/var/lib/docker",
    "object_store": "aws",
    "os": "Ubuntu 24.04",
    "ram_bytes": 73739198464,
    "region": "us-east-1",
    "runner_type": "codebuild-linux-xlarge"
  },
  "golden_id": "golden",
  "machine": {
    "cpu_percent": {
      "avg": 9.90420768049856,
      "max": 16.293392181396484,