{
  "application": {
    "latency": {
      "durable": {
        "avg_ns": 290295967.81161505,
        "count": 404618,
        "max_ns": 2369535000,
        "min_ns": 23040000,
        "p50_ns": 138623000,
        "p95_ns": 1102847000,
        "p999_ns": 2189311000,
        "p99_ns": 1630207000
      },
      "flush": {
        "avg_ns": 46000.0,
        "count": 1,
        "max_ns": 46000,
        "min_ns": 46000,
        "p50_ns": 46000,
        "p95_ns": 46000,
        "p999_ns": 46000,
        "p99_ns": 46000
      },
      "get": {
        "avg_ns": 142362752.5569842,
        "count": 405067,
        "max_ns": 23625727000,
        "min_ns": 2000,
        "p50_ns": 81000,
        "p95_ns": 448255000,
        "p999_ns": 7221247000,
        "p99_ns": 1974271000
      },
      "put": {
        "avg_ns": 21392.743278845726,
        "count": 404618,
        "max_ns": 677375000,
        "min_ns": 1000,
        "p50_ns": 13000,
        "p95_ns": 44000,
        "p999_ns": 181000,
        "p99_ns": 75000
      }
    },
    "operations": {
      "flush": {
        "avg_per_second": 0.001096359488799925,
        "max_per_second": 0.0,
        "min_per_second": 0.0,
        "p50_per_second": 0.0,
        "p95_per_second": 0.0,
        "p999_per_second": 0.0,
        "p99_per_second": 0.0,
        "total": 1
      },
      "get": {
        "avg_per_second": 444.09904904971927,
        "max_per_second": 732.9739713613029,
        "min_per_second": 0.0,
        "p50_per_second": 443.0204728620919,
        "p95_per_second": 598.9961023323622,
        "p999_per_second": 706.0033570459627,
        "p99_per_second": 658.0422969847233,
        "total": 405067
      },
      "put": {
        "avg_per_second": 443.6067836392481,
        "max_per_second": 756.0011030056094,
        "min_per_second": 0.0,
        "p50_per_second": 440.0097008938756,
        "p95_per_second": 603.0215779211227,
        "p999_per_second": 726.9986637764559,
        "p99_per_second": 671.9993515206259,
        "total": 404618
      }
    },
    "throughput": {
      "get": {
        "avg_bytes_per_second": 186521.60060088208,
        "max_bytes_per_second": 307849.06797174725,
        "min_bytes_per_second": 0.0,
        "p50_bytes_per_second": 186068.5986020786,
        "p95_bytes_per_second": 251578.36297959212,
        "p999_bytes_per_second": 296521.4099593043,
        "p99_bytes_per_second": 276377.7647335838,
        "total_bytes": 170128140
      },
      "put": {
        "avg_bytes_per_second": 186314.8491284842,
        "max_bytes_per_second": 317520.4632623559,
        "min_bytes_per_second": 0.0,
        "p50_bytes_per_second": 184804.07437542774,
        "p95_bytes_per_second": 253269.06272687155,
        "p999_bytes_per_second": 305339.43878611154,
        "p99_bytes_per_second": 282239.72763866285,
        "total_bytes": 169939560
      }
    }
  },
  "client_measurement_ns": 912106868106,
  "configuration": {
    "build_profile": "release",
    "caches": {
      "block_bytes": 4294967296,
      "metadata_bytes": 536870912,
      "object_store_bytes": 17179869184
    },
    "dataset": {
      "key_bytes": 20,
      "record_count": 300000000,
      "value_bytes": 400,
      "value_compression_ratio": 1.0
    },
    "enabled_features": [
      "aws",
      "foyer",
      "wal_disable",
      "zstd"
    ],
    "scale": 1.0,
    "slate_settings": {
      "compactor_options": {
        "commit_compacted_interval": "1s",
        "manifest_update_timeout": "300s",
        "max_concurrent_compactions": 4,
        "metric_level": null,
        "object_store_max_retries": null,
        "poll_interval": "5s",
        "scheduler_options": {},
        "worker": {
          "bytes_to_fetch": 2097152,
          "compactions_poll_interval": "5s",
          "compression_codec": null,
          "heartbeat_interval": "10s",
          "max_concurrent_compactions": 4,
          "max_fetch_tasks": 4,
          "max_sst_size": 268435456,
          "max_subcompactions": 4,
          "metric_level": null,
          "min_filter_keys": 1000
        },
        "worker_heartbeat_timeout": "30s"
      },
      "compression_codec": null,
      "default_ttl": null,
      "flush_interval": "100ms",
      "garbage_collector_options": {
        "boundary_files_enabled": true,
        "compacted_options": {
          "dry_run": false,
          "interval": "60s",
          "min_age": "300s"
        },
        "compactions_options": {
          "dry_run": false,
          "interval": "60s",
          "min_age": "300s"
        },
        "detach_options": {
          "interval": "60s"
        },
        "manifest_options": {
          "dry_run": false,
          "interval": "60s",
          "min_age": "300s"
        },
        "metric_level": null,
        "object_store_max_retries": null,
        "wal_fence_options": {
          "dry_run": true,
          "interval": "60s",
          "min_age": "300s"
        },
        "wal_options": {
          "dry_run": false,
          "interval": "60s",
          "min_age": "300s"
        }
      },
      "l0_flush_parallelism": 4,
      "l0_max_ssts": 8,
      "l0_max_ssts_per_key": 8,
      "l0_sst_size_bytes": 67108864,
      "manifest_poll_interval": "1s",
      "manifest_update_timeout": "300s",
      "max_unflushed_bytes": 1073741824,
      "max_wal_flushes_before_l0_flush": 4096,
      "metric_level": "Info",
      "min_filter_keys": 1000,
      "object_store_cache_options": {
        "cache_on_compaction": false,
        "cache_on_flush": false,
        "max_cache_size_bytes": 17179869184,
        "max_open_file_handles": 1000,
        "part_size_bytes": 4194304,
        "preload_disk_cache_on_startup": null,
        "root_folder": null,
        "scan_interval": "3600s"
      },
      "object_store_max_retries": null,
      "wal_enabled": true
    },
    "task": {
      "clients": 64,
      "initial_state": "golden",
      "key_selection": "scrambled-zipfian-0.99",
      "measurement_ms": 900000,
      "operation_mix": {
        "get": 0.5,
        "put": 0.5
      },
      "scan_limit": null,
      "task": "balanced",
      "transaction_hot_keys": null,
      "transaction_reads": null,
      "transaction_updates": null,
      "warmup_ms": 300000
    }
  },
  "durability_drain_ns": 109305,
  "environment": {
    "cpu_cores": 16,
    "cpu_model": "AMD Ryzen 9 7950X3D 16-Core Processor",
    "endpoint": "https://t3.storage.dev",
    "hostname": "warp-16x-x64-w07bmlmhgiubs2u1",
    "kernel": "6.17.0-1018-azure",
    "local_disk": "/dev/vda1:/, /dev/vda16:/boot, /dev/vda15:/boot/efi",
    "object_store": "Tigris",
    "os": "Ubuntu 24.04",
    "ram_bytes": 67426029568,
    "region": "fra",
    "runner_type": "warp-ubuntu-latest-x64-16x"
  },
  "golden_id": "slatedb-v0.14.1",
  "initial_state": {
    "checkpoint_id": "15622530-c272-4357-b478-742b821ccf4e",
    "kind": "golden",
    "lsm_digest_sha256": "2943c581e0eb2a5e6a92660be3fa689702bc2615e4479a981cc65c4750aca684",
    "manifest_id": 942
  },
  "machine": {
    "cpu_percent": {
      "avg": 15.516601417573137,
      "max": 25.048416137695312,
      "min": 0.3126954436302185,
      "p50": 15.384615898132324,
      "p95": 21.81818199157715,
      "p99": 23.594770431518555,
      "p999": 24.96731948852539
    },
    "disk_read_bytes_per_second": {
      "avg": 516.5100311013476,
      "max": 471057.1483644291,
      "min": 0.0,
      "p50": 0.0,
      "p95": 0.0,
      "p99": 0.0,
      "p999": 0.0
    },
    "disk_read_operations_per_second": {
      "avg": 0.12610108181185245,
      "max": 115.00418661240944,
      "min": 0.0,
      "p50": 0.0,
      "p95": 0.0,
      "p99": 0.0,
      "p999": 0.0
    },
    "disk_write_bytes_per_second": {
      "avg": 642570939.7197168,
      "max": 2319409254.13075,
      "min": 0.0,
      "p50": 462927106.14036506,
      "p95": 2039263633.1789649,
      "p99": 2267655469.3748403,
      "p999": 2318323837.075151
    },