{
  "application": {
    "latency": {
      "durable": {
        "avg_ns": 8633534052.1713,
        "count": 12379027,
        "max_ns": 193069055000,
        "min_ns": 114624000,
        "p50_ns": 1179647000,
        "p95_ns": 63569919000,
        "p999_ns": 192151551000,
        "p99_ns": 189399039000
      },
      "flush": {
        "avg_ns": 1852928000.0,
        "count": 1,
        "max_ns": 1853439000,
        "min_ns": 1852416000,
        "p50_ns": 1853439000,
        "p95_ns": 1853439000,
        "p999_ns": 1853439000,
        "p99_ns": 1853439000
      },
      "transaction.commit": {
        "avg_ns": 3507178.5272040996,
        "count": 15762931,
        "max_ns": 141557759000,
        "min_ns": 6000,
        "p50_ns": 2059000,
        "p95_ns": 2729000,
        "p999_ns": 5591000,
        "p99_ns": 3249000
      },
      "transaction.get": {
        "avg_ns": 52187.72081156736,
        "count": 78814655,
        "max_ns": 20399000,
        "min_ns": 6000,
        "p50_ns": 44000,
        "p95_ns": 113000,
        "p999_ns": 288000,
        "p99_ns": 175000
      },
      "transaction.put": {
        "avg_ns": 1286.714913616002,
        "count": 78814655,
        "max_ns": 20319000,
        "min_ns": 1000,
        "p50_ns": 1000,
        "p95_ns": 2000,
        "p999_ns": 29000,
        "p99_ns": 7000
      }
    },
    "operations": {
      "flush": {
        "avg_per_second": 0.0010648988293797178,
        "max_per_second": 0.0,
        "min_per_second": 0.0,
        "p50_per_second": 0.0,
        "p95_per_second": 0.0,
        "p999_per_second": 0.0,
        "p99_per_second": 0.0,
        "total": 1
      },
      "transaction.commit": {
        "avg_per_second": 16785.926769493264,
        "max_per_second": 31022.35269091614,
        "min_per_second": 0.0,
        "p50_per_second": 24704.297507006457,
        "p95_per_second": 29567.651029668585,
        "p999_per_second": 30965.820551374094,
        "p99_per_second": 30388.038995985025,
        "total": 15762931
      },
      "transaction.get": {
        "avg_per_second": 83929.63384746632,
        "max_per_second": 155112.76327257385,
        "min_per_second": 0.0,
        "p50_per_second": 123539.53409545186,
        "p95_per_second": 147842.25699594794,
        "p999_per_second": 154826.10132035293,
        "p99_per_second": 151926.20186918133,
        "total": 78814655
      },
      "transaction.put": {
        "avg_per_second": 83929.63384746632,
        "max_per_second": 155114.7629085601,
        "min_per_second": 0.0,
        "p50_per_second": 123538.48361182788,
        "p95_per_second": 147837.25468644168,
        "p999_per_second": 154834.10515106635,
        "p99_per_second": 151925.20236127105,
        "total": 78814655
      }
    },
    "throughput": {
      "transaction.get": {
        "avg_bytes_per_second": 35250446.21593585,
        "max_bytes_per_second": 65147360.57448102,
        "min_bytes_per_second": 0.0,
        "p50_bytes_per_second": 51886604.32008978,
        "p95_bytes_per_second": 62093747.938298136,
        "p999_bytes_per_second": 65026962.554548234,
        "p99_bytes_per_second": 63809004.78505616,
        "total_bytes": 33102155100
      },
      "transaction.put": {
        "avg_bytes_per_second": 35250446.21593585,
        "max_bytes_per_second": 65148200.421595246,
        "min_bytes_per_second": 0.0,
        "p50_bytes_per_second": 51886163.11696771,
        "p95_bytes_per_second": 62091646.968305506,
        "p999_bytes_per_second": 65030324.16344787,
        "p99_bytes_per_second": 63808584.99173384,
        "total_bytes": 33102155100
      }
    }
  },
  "client_measurement_ns": 937200634925,
  "configuration": {
    "build_profile": "release",
    "caches": {
      "block_bytes": 4294967296,
      "metadata_bytes": 536870912,
      "object_store_bytes": 17179869184
    },
    "dataset": {
      "key_bytes": 20,
      "record_count": 300000000,
      "value_bytes": 400,
      "value_compression_ratio": 1.0
    },
    "enabled_features": [
      "aws",
      "foyer",
      "wal_disable",
      "zstd"
    ],
    "scale": 1.0,
    "slate_settings": {
      "compactor_options": {
        "commit_compacted_interval": "1s",
        "manifest_update_timeout": "300s",
        "max_concurrent_compactions": 4,
        "metric_level": null,
        "poll_interval": "5s",
        "scheduler_options": {},
        "worker": {
          "bytes_to_fetch": 2097152,
          "compactions_poll_interval": "5s",
          "compression_codec": null,
          "heartbeat_bytes": 5242880,
          "heartbeat_min_interval": "5s",
          "max_concurrent_compactions": 4,
          "max_fetch_tasks": 4,
          "max_sst_size": 268435456,
          "max_subcompactions": 4,
          "metric_level": null,
          "min_filter_keys": 1000
        },
        "worker_heartbeat_timeout": "30s"
      },
      "compression_codec": null,
      "default_ttl": null,
      "flush_interval": "100ms",
      "garbage_collector_options": {
        "compacted_options": {
          "dry_run": false,
          "interval": "60s",
          "min_age": "300s"
        },
        "compactions_options": {
          "dry_run": false,
          "interval": "60s",
          "min_age": "300s"
        },
        "detach_options": {
          "interval": "60s"
        },
        "manifest_options": {
          "dry_run": false,
          "interval": "60s",
          "min_age": "300s"
        },
        "metric_level": null,
        "wal_fence_options": {
          "dry_run": true,
          "interval": "60s",
          "min_age": "300s"
        },
        "wal_options": {
          "dry_run": false,
          "interval": "60s",
          "min_age": "300s"
        }
      },
      "l0_flush_parallelism": 4,
      "l0_max_ssts": 8,
      "l0_max_ssts_per_key": 8,
      "l0_sst_size_bytes": 67108864,
      "manifest_poll_interval": "1s",
      "manifest_update_timeout": "300s",
      "max_unflushed_bytes": 1073741824,
      "max_wal_flushes_before_l0_flush": 4096,
      "metric_level": "Info",
      "min_filter_keys": 1000,
      "object_store_cache_options": {
        "cache_puts": false,
        "max_cache_size_bytes": 17179869184,
        "max_open_file_handles": 1000,
        "part_size_bytes": 4194304,
        "preload_disk_cache_on_startup": null,
        "root_folder": null,
        "scan_interval": "3600s"
      },
      "wal_enabled": true
    },
    "task": {
      "clients": 64,
      "initial_state": "golden",
      "key_selection": "uniform-hot-set",
      "measurement_ms": 900000,
      "operation_mix": {
        "transaction": 1.0
      },
      "scan_limit": null,
      "task": "transaction-contention",
      "transaction_hot_keys": 10000,
      "transaction_reads": 5,
      "transaction_updates": 5,
      "warmup_ms": 300000
    }
  },
  "durability_drain_ns": 1852662635,
  "environment": {
    "cpu_cores": 16,
    "cpu_model": "AMD Ryzen 9 7950X3D 16-Core Processor",
    "endpoint": "https://t3.storage.dev",
    "hostname": "warp-16x-x64-wactfgumdmbbo1xs",
    "kernel": "6.17.0-1018-azure",
    "local_disk": "/dev/vda1:/, /dev/vda16:/boot, /dev/vda15:/boot/efi",
    "object_store": "Tigris",
    "os": "Ubuntu 24.04",
    "ram_bytes": 67426021376,
    "region": "fra",
    "runner_type": "warp-ubuntu-latest-x64-16x"
  },
  "golden_id": "slatedb-v0.14.1",
  "initial_state": {
    "checkpoint_id": "15622530-c272-4357-b478-742b821ccf4e",
    "kind": "golden",
    "lsm_digest_sha256": "2943c581e0eb2a5e6a92660be3fa689702bc2615e4479a981cc65c4750aca684",
    "manifest_id": 942
  },
  "machine": {
    "cpu_percent": {
      "avg": 28.7832205436005,
      "max": 69.17491912841797,
      "min": 0.1876172572374344,
      "p50": 35.897438049316406,
      "p95": 60.25132369995117,
      "p99": 64.70198822021484,
      "p999": 67.79100036621094
    },
    "disk_read_bytes_per_second": {
      "avg": 501.474095292369,
      "max": 470884.1754795345,
      "min": 0.0,
      "p50": 0.0,