{
  "application": {
    "latency": {
      "durable": {
        "avg_ns": 188220405.85637936,
        "count": 21515,
        "max_ns": 7167999000,
        "min_ns": 17088000,
        "p50_ns": 106623000,
        "p95_ns": 634367000,
        "p999_ns": 6602751000,
        "p99_ns": 1044991000
      },
      "flush": {
        "avg_ns": 50000.0,
        "count": 1,
        "max_ns": 50000,
        "min_ns": 50000,
        "p50_ns": 50000,
        "p95_ns": 50000,
        "p999_ns": 50000,
        "p99_ns": 50000
      },
      "get": {
        "avg_ns": 139611475.17227328,
        "count": 413006,
        "max_ns": 23363583000,
        "min_ns": 2000,
        "p50_ns": 4403000,
        "p95_ns": 407807000,
        "p999_ns": 8708095000,
        "p99_ns": 878079000
      },
      "put": {
        "avg_ns": 35632.39600278876,
        "count": 21515,
        "max_ns": 6655000,
        "min_ns": 2000,
        "p50_ns": 31000,
        "p95_ns": 67000,
        "p999_ns": 457000,
        "p99_ns": 102000
      }
    },
    "operations": {
      "flush": {
        "avg_per_second": 0.0011007297219677696,
        "max_per_second": 0.0,
        "min_per_second": 0.0,
        "p50_per_second": 0.0,
        "p95_per_second": 0.0,
        "p999_per_second": 0.0,
        "p99_per_second": 0.0,
        "total": 1
      },
      "get": {
        "avg_per_second": 454.60797955102066,
        "max_per_second": 603.9797105095848,
        "min_per_second": 0.9994271023997998,
        "p50_per_second": 462.9951070677085,
        "p95_per_second": 552.0106527015759,
        "p999_per_second": 601.9919495616585,
        "p99_per_second": 584.9955347290834,
        "total": 413006
      },
      "put": {
        "avg_per_second": 23.682199968136565,
        "max_per_second": 42.999863518433195,
        "min_per_second": 0.0,
        "p50_per_second": 23.998919016690728,
        "p95_per_second": 34.00035292366335,
        "p999_per_second": 42.99969895910759,
        "p99_per_second": 38.99936161944966,
        "total": 21515
      }
    },
    "throughput": {
      "get": {
        "avg_bytes_per_second": 190935.35141142868,
        "max_bytes_per_second": 253671.47841402565,
        "min_bytes_per_second": 419.7593830079159,
        "p50_bytes_per_second": 194457.94496843757,
        "p95_bytes_per_second": 231844.47413466184,
        "p999_bytes_per_second": 252836.61881589657,
        "p99_bytes_per_second": 245698.124586215,
        "total_bytes": 173462520
      },
      "put": {
        "avg_bytes_per_second": 9946.523986617356,
        "max_bytes_per_second": 18059.942677741943,
        "min_bytes_per_second": 0.0,
        "p50_bytes_per_second": 10079.545987010106,
        "p95_bytes_per_second": 14280.148227938605,
        "p999_bytes_per_second": 18059.87356282519,
        "p99_bytes_per_second": 16379.731880168854,
        "total_bytes": 9036300
      }
    }
  },
  "client_measurement_ns": 908486829927,
  "configuration": {
    "build_profile": "release",
    "caches": {
      "block_bytes": 4294967296,
      "metadata_bytes": 536870912,
      "object_store_bytes": 17179869184
    },
    "dataset": {
      "key_bytes": 20,
      "record_count": 300000000,
      "value_bytes": 400,
      "value_compression_ratio": 1.0
    },
    "enabled_features": [
      "aws",
      "foyer",
      "wal_disable",
      "zstd"
    ],
    "scale": 1.0,
    "slate_settings": {
      "compactor_options": {
        "commit_compacted_interval": "1s",
        "manifest_update_timeout": "300s",
        "max_concurrent_compactions": 4,
        "metric_level": null,
        "object_store_max_retries": null,
        "poll_interval": "5s",
        "scheduler_options": {},
        "worker": {
          "bytes_to_fetch": 2097152,
          "compactions_poll_interval": "5s",
          "compression_codec": null,
          "heartbeat_interval": "10s",
          "max_concurrent_compactions": 4,
          "max_fetch_tasks": 4,
          "max_sst_size": 268435456,
          "max_subcompactions": 4,
          "metric_level": null,
          "min_filter_keys": 1000
        },
        "worker_heartbeat_timeout": "30s"
      },
      "compression_codec": null,
      "default_ttl": null,
      "flush_interval": "100ms",
      "garbage_collector_options": {
        "boundary_files_enabled": true,
        "compacted_options": {
          "dry_run": false,
          "interval": "60s",
          "min_age": "300s"
        },
        "compactions_options": {
          "dry_run": false,
          "interval": "60s",
          "min_age": "300s"
        },
        "detach_options": {
          "interval": "60s"
        },
        "manifest_options": {
          "dry_run": false,
          "interval": "60s",
          "min_age": "300s"
        },
        "metric_level": null,
        "object_store_max_retries": null,
        "wal_fence_options": {
          "dry_run": true,
          "interval": "60s",
          "min_age": "300s"
        },
        "wal_options": {
          "dry_run": false,
          "interval": "60s",
          "min_age": "300s"
        }
      },
      "l0_flush_parallelism": 4,
      "l0_max_ssts": 8,
      "l0_max_ssts_per_key": 8,
      "l0_sst_size_bytes": 67108864,
      "manifest_poll_interval": "1s",
      "manifest_update_timeout": "300s",
      "max_unflushed_bytes": 1073741824,
      "max_wal_flushes_before_l0_flush": 4096,
      "metric_level": "Info",
      "min_filter_keys": 1000,
      "object_store_cache_options": {
        "cache_on_compaction": false,
        "cache_on_flush": false,
        "max_cache_size_bytes": 17179869184,
        "max_open_file_handles": 1000,
        "part_size_bytes": 4194304,
        "preload_disk_cache_on_startup": null,
        "root_folder": null,
        "scan_interval": "3600s"
      },
      "object_store_max_retries": null,
      "wal_enabled": true
    },
    "task": {
      "clients": 64,
      "initial_state": "golden",
      "key_selection": "scrambled-zipfian-0.99",
      "measurement_ms": 900000,
      "operation_mix": {
        "get": 0.95,
        "put": 0.05
      },
      "scan_limit": null,
      "task": "read-heavy",
      "transaction_hot_keys": null,
      "transaction_reads": null,
      "transaction_updates": null,
      "warmup_ms": 300000
    }
  },
  "durability_drain_ns": 108574,
  "environment": {
    "cpu_cores": 16,
    "cpu_model": "AMD Ryzen 9 7950X3D 16-Core Processor",
    "endpoint": "https://t3.storage.dev",
    "hostname": "warp-16x-x64-w9yn1nl2petchmsc",
    "kernel": "6.17.0-1018-azure",
    "local_disk": "/dev/vda1:/, /dev/vda16:/boot, /dev/vda15:/boot/efi",
    "object_store": "Tigris",
    "os": "Ubuntu 24.04",
    "ram_bytes": 67426021376,
    "region": "fra",
    "runner_type": "warp-ubuntu-latest-x64-16x"
  },
  "golden_id": "slatedb-v0.14.1",
  "initial_state": {
    "checkpoint_id": "15622530-c272-4357-b478-742b821ccf4e",
    "kind": "golden",
    "lsm_digest_sha256": "2943c581e0eb2a5e6a92660be3fa689702bc2615e4479a981cc65c4750aca684",
    "manifest_id": 942
  },
  "machine": {
    "cpu_percent": {
      "avg": 18.32298267468613,
      "max": 23.716697692871094,
      "min": 0.2504696249961853,
      "p50": 18.721755981445312,
      "p95": 22.27272605895996,
      "p99": 23.09185028076172,
      "p999": 23.537059783935547
    },
    "disk_read_bytes_per_second": {
      "avg": 518.7631582385233,
      "max": 471036.9476805791,
      "min": 0.0,
      "p50": 0.0,
      "p95": 0.0,
      "p99": 0.0,
      "p999": 0.0
    },
    "disk_read_operations_per_second": {
      "avg": 0.12665116167932697,
      "max": 114.99925480482888,
      "min": 0.0,
      "p50": 0.0,
      "p95": 0.0,
      "p99": 0.0,
      "p999": 0.0
    },
    "disk_write_bytes_per_second": {
      "avg": 619368291.5884048,
      "max": 1334127845.9045174,
      "min": 0.0,
      "p50": 727040311.3227783,
      "p95": 1059839294.7047777,
      "p99": 1173098557.0919054,
      "p999": 1257559544.063411
    },