{
  "application": {
    "latency": {
      "durable": {
        "avg_ns": 33558748918.126225,
        "count": 50012701,
        "max_ns": 130940927000,
        "min_ns": 75200000,
        "p50_ns": 23691263000,
        "p95_ns": 91422719000,
        "p999_ns": 130809855000,
        "p99_ns": 129826815000
      },
      "flush": {
        "avg_ns": 73952000.0,
        "count": 1,
        "max_ns": 73983000,
        "min_ns": 73920000,
        "p50_ns": 73983000,
        "p95_ns": 73983000,
        "p999_ns": 73983000,
        "p99_ns": 73983000
      },
      "put": {
        "avg_ns": 1921299.3359226878,
        "count": 50012701,
        "max_ns": 95682559000,
        "min_ns": 1000,
        "p50_ns": 137000,
        "p95_ns": 255000,
        "p999_ns": 846000,
        "p99_ns": 357000
      }
    },
    "operations": {
      "flush": {
        "avg_per_second": 0.0006657058503639037,
        "max_per_second": 0.0,
        "min_per_second": 0.0,
        "p50_per_second": 0.0,
        "p95_per_second": 0.0,
        "p999_per_second": 0.0,
        "p99_per_second": 0.0,
        "total": 1
      },
      "put": {
        "avg_per_second": 33293.74764820065,
        "max_per_second": 527576.5736142861,
        "min_per_second": 0.0,
        "p50_per_second": 0.0,
        "p95_per_second": 297975.36801952845,
        "p999_per_second": 508999.2545661127,
        "p99_per_second": 458164.0447861319,
        "total": 50012701
      }
    },
    "throughput": {
      "put": {
        "avg_bytes_per_second": 13983374.012244275,
        "max_bytes_per_second": 221582160.9180002,
        "min_bytes_per_second": 0.0,
        "p50_bytes_per_second": 0.0,
        "p95_bytes_per_second": 125149654.56820196,
        "p999_bytes_per_second": 213779686.91776735,
        "p99_bytes_per_second": 192428898.8101754,
        "total_bytes": 21005334420
      }
    }
  },
  "client_measurement_ns": 1502088822426,
  "configuration": {
    "build_profile": "release",
    "caches": {
      "block_bytes": 4294967296,
      "metadata_bytes": 536870912,
      "object_store_bytes": 17179869184
    },
    "dataset": {
      "key_bytes": 20,
      "record_count": 300000000,
      "value_bytes": 400,
      "value_compression_ratio": 1.0
    },
    "enabled_features": [
      "aws",
      "foyer",
      "wal_disable",
      "zstd"
    ],
    "scale": 1.0,
    "slate_settings": {
      "compactor_options": {
        "commit_compacted_interval": "1s",
        "manifest_update_timeout": "300s",
        "max_concurrent_compactions": 4,
        "metric_level": null,
        "object_store_max_retries": null,
        "poll_interval": "1s",
        "scheduler_options": {},
        "worker": {
          "bytes_to_fetch": 2097152,
          "compactions_poll_interval": "1s",
          "compression_codec": null,
          "heartbeat_interval": "10s",
          "max_concurrent_compactions": 4,
          "max_fetch_tasks": 4,
          "max_sst_size": 268435456,
          "max_subcompactions": 4,
          "metric_level": null,
          "min_filter_keys": 1000
        },
        "worker_heartbeat_timeout": "30s"
      },
      "compression_codec": null,
      "default_ttl": null,
      "flush_interval": "100ms",
      "garbage_collector_options": {
        "boundary_files_enabled": true,
        "compacted_options": {
          "dry_run": false,
          "interval": "60s",
          "min_age": "300s"
        },
        "compactions_options": {
          "dry_run": false,
          "interval": "60s",
          "min_age": "300s"
        },
        "detach_options": {
          "interval": "60s"
        },
        "manifest_options": {
          "dry_run": false,
          "interval": "60s",
          "min_age": "300s"
        },
        "metric_level": null,
        "object_store_max_retries": null,
        "wal_fence_options": {
          "dry_run": true,
          "interval": "60s",
          "min_age": "300s"
        },
        "wal_options": {
          "dry_run": false,
          "interval": "60s",
          "min_age": "300s"
        }
      },
      "l0_flush_parallelism": 4,
      "l0_max_ssts": 16,
      "l0_max_ssts_per_key": 8,
      "l0_sst_size_bytes": 67108864,
      "manifest_poll_interval": "1s",
      "manifest_update_timeout": "300s",
      "max_unflushed_bytes": 1073741824,
      "max_wal_flushes_before_l0_flush": 4096,
      "metric_level": "Info",
      "min_filter_keys": 1000,
      "object_store_cache_options": {
        "cache_on_compaction": true,
        "cache_on_flush": true,
        "max_cache_size_bytes": 17179869184,
        "max_open_file_handles": 1000,
        "part_size_bytes": 4194304,
        "preload_disk_cache_on_startup": null,
        "root_folder": null,
        "scan_interval": "3600s"
      },
      "object_store_max_retries": null,
      "wal_enabled": true
    },
    "task": {
      "clients": 64,
      "initial_state": "empty",
      "key_selection": "unique-sequential",
      "measurement_ms": 1500000,
      "operation_mix": {
        "put": 1.0
      },
      "scan_limit": null,
      "task": "sustained-ingest",
      "transaction_hot_keys": null,
      "transaction_reads": null,
      "transaction_updates": null,
      "warmup_ms": 0
    }
  },
  "durability_drain_ns": 74076583,
  "environment": {
    "cpu_cores": 16,
    "cpu_model": "AMD Ryzen 9 7950X3D 16-Core Processor",
    "endpoint": "https://t3.storage.dev",
    "hostname": "warp-16x-x64-wd2bgsz8a9cny9wq",
    "kernel": "6.17.0-1018-azure",
    "local_disk": "/dev/vda1:/, /dev/vda16:/boot, /dev/vda15:/boot/efi",
    "object_store": "Tigris",
    "os": "Ubuntu 24.04",
    "ram_bytes": 67426033664,
    "region": "fra",
    "runner_type": "warp-ubuntu-latest-x64-16x"
  },
  "golden_id": "slatedb-v0.14.1",
  "initial_state": {
    "checkpoint_id": null,
    "kind": "empty",
    "lsm_digest_sha256": "66affd985016843401ab51bd144c23b96d91cff9c4c25fc9748cee4df23af370",
    "manifest_id": null
  },
  "machine": {
    "cpu_percent": {
      "avg": 4.176324475392917,
      "max": 49.47089767456055,
      "min": 0.1875,
      "p50": 1.5713387727737427,
      "p95": 18.389347076416016,
      "p99": 32.763160705566406,
      "p999": 37.99734878540039
    },
    "disk_read_bytes_per_second": {
      "avg": 1677.2347971809288,
      "max": 470999.03297511087,
      "min": 0.0,
      "p50": 0.0,
      "p95": 0.0,
      "p99": 4096.691964046263,
      "p999": 405738.21116518043
    },
    "disk_read_operations_per_second": {
      "avg": 0.11251405296291914,
      "max": 114.98999828493918,
      "min": 0.0,
      "p50": 0.0,
      "p95": 0.0,
      "p99": 1.0001689365347322,
      "p999": 9.005198223659011
    },
    "disk_write_bytes_per_second": {
      "avg": 55050446.461751826,
      "max": 2558531516.7137356,
      "min": 0.0,
      "p50": 0.0,
      "p95": 332002920.0849292,
      "p99": 1051611463.5841784,
      "p999": 1988529071.9260547
    },
    "disk_write_operations_per_second": {
      "avg": 18.283119678396375,
      "max": 645.4706720502937,
      "min": 0.0,
      "p50": 0.0,
      "p95": 100.04858108976266,
      "p99": 325.0289148972982,
      "p999": 588.1126959191301
    },
    "network_receive_bytes_per_second": {
      "avg": 44249679.39713551,
      "max": 320336423.79363596,
      "min": 20083.107090521575,
      "p50": 16403263.810884826,
      "p95": 181342754.712365,
      "p99": 262138494.914551,
      "p999": 291814097.8300466
    },
    "network_send_bytes_per_second": {
      "avg": 73422527.5054995,
      "max": 522002284.6252026,
      "min": 4654.509110206474,
      "p50": 42936688.98517087,
      "p95": 270319043.1386497,
      "p99": 361607055.1880175,
      "p999": 475499225.8907131
    },
    "rss_bytes": {
      "avg": 19190633094.30626,
      "max": 25395351552.0,
      "min": 1124462592.0,
      "p50": 20380397568.0,
      "p95": 24508653568.0,
      "p99": 25114873856.0,
      "p999": 25389060096.0
    }
  },