{
  "application": {
    "latency": {
      "durable": {
        "avg_ns": 324197982.98137146,
        "count": 9005779,
        "max_ns": 9912319000,
        "min_ns": 40128000,
        "p50_ns": 182783000,
        "p95_ns": 764415000,
        "p999_ns": 8896511000,
        "p99_ns": 3864575000
      },
      "flush": {
        "avg_ns": 42000.0,
        "count": 1,
        "max_ns": 42000,
        "min_ns": 42000,
        "p50_ns": 42000,
        "p95_ns": 42000,
        "p999_ns": 42000,
        "p99_ns": 42000
      },
      "get": {
        "avg_ns": 121567360.72077763,
        "count": 473100,
        "max_ns": 12009471000,
        "min_ns": 5000,
        "p50_ns": 100000,
        "p95_ns": 532991000,
        "p999_ns": 3846143000,
        "p99_ns": 1024511000
      },
      "put": {
        "avg_ns": 16395.94387115206,
        "count": 9005779,
        "max_ns": 3483000,
        "min_ns": 1000,
        "p50_ns": 8000,
        "p95_ns": 52000,
        "p999_ns": 305000,
        "p99_ns": 112000
      }
    },
    "operations": {
      "flush": {
        "avg_per_second": 0.0011030014280561994,
        "max_per_second": 0.0,
        "min_per_second": 0.0,
        "p50_per_second": 0.0,
        "p95_per_second": 0.0,
        "p999_per_second": 0.0,
        "p99_per_second": 0.0,
        "total": 1
      },
      "get": {
        "avg_per_second": 521.8299756133879,
        "max_per_second": 831.0409320900692,
        "min_per_second": 0.9998569934537973,
        "p50_per_second": 533.986771011735,
        "p95_per_second": 720.0298747595336,
        "p999_per_second": 825.9886814770977,
        "p99_per_second": 785.9924104572846,
        "total": 473100
      },
      "put": {
        "avg_per_second": 9933.38709775853,
        "max_per_second": 16626.81893733994,
        "min_per_second": 0.0,
        "p50_per_second": 10193.237563594657,
        "p95_per_second": 13809.735686049204,
        "p999_per_second": 16225.77765816875,
        "p99_per_second": 15245.362336526652,
        "total": 9005779
      }
    },
    "throughput": {
      "get": {
        "avg_bytes_per_second": 219168.58975762292,
        "max_bytes_per_second": 349037.19147782907,
        "min_bytes_per_second": 419.9399372505948,
        "p50_bytes_per_second": 224274.4438249287,
        "p95_bytes_per_second": 302412.5473990041,
        "p999_bytes_per_second": 346915.24622038106,
        "p99_bytes_per_second": 330116.81239205954,
        "total_bytes": 198702000
      },
      "put": {
        "avg_bytes_per_second": 4172022.5810585828,
        "max_bytes_per_second": 6983263.953682775,
        "min_bytes_per_second": 0.0,
        "p50_bytes_per_second": 4281159.776709756,
        "p95_bytes_per_second": 5800088.988140665,
        "p999_bytes_per_second": 6814826.616430875,
        "p99_bytes_per_second": 6403052.181341194,
        "total_bytes": 3782427180
      }
    }
  },
  "client_measurement_ns": 906614884741,
  "configuration": {
    "build_profile": "release",
    "caches": {
      "block_bytes": 4294967296,
      "metadata_bytes": 536870912,
      "object_store_bytes": 17179869184
    },
    "dataset": {
      "key_bytes": 20,
      "record_count": 300000000,
      "value_bytes": 400,
      "value_compression_ratio": 1.0
    },
    "enabled_features": [
      "aws",
      "foyer",
      "wal_disable",
      "zstd"
    ],
    "scale": 1.0,
    "slate_settings": {
      "compactor_options": {
        "commit_compacted_interval": "1s",
        "manifest_update_timeout": "300s",
        "max_concurrent_compactions": 4,
        "metric_level": null,
        "poll_interval": "5s",
        "scheduler_options": {},
        "worker": {
          "bytes_to_fetch": 2097152,
          "compactions_poll_interval": "5s",
          "compression_codec": null,
          "heartbeat_bytes": 5242880,
          "heartbeat_min_interval": "5s",
          "max_concurrent_compactions": 4,
          "max_fetch_tasks": 4,
          "max_sst_size": 268435456,
          "max_subcompactions": 4,
          "metric_level": null,
          "min_filter_keys": 1000
        },
        "worker_heartbeat_timeout": "30s"
      },
      "compression_codec": null,
      "default_ttl": null,
      "flush_interval": "100ms",
      "garbage_collector_options": {
        "compacted_options": {
          "dry_run": false,
          "interval": "60s",
          "min_age": "300s"
        },
        "compactions_options": {
          "dry_run": false,
          "interval": "60s",
          "min_age": "300s"
        },
        "detach_options": {
          "interval": "60s"
        },
        "manifest_options": {
          "dry_run": false,
          "interval": "60s",
          "min_age": "300s"
        },
        "metric_level": null,
        "wal_fence_options": {
          "dry_run": true,
          "interval": "60s",
          "min_age": "300s"
        },
        "wal_options": {
          "dry_run": false,
          "interval": "60s",
          "min_age": "300s"
        }
      },
      "l0_flush_parallelism": 4,
      "l0_max_ssts": 8,
      "l0_max_ssts_per_key": 8,
      "l0_sst_size_bytes": 67108864,
      "manifest_poll_interval": "1s",
      "manifest_update_timeout": "300s",
      "max_unflushed_bytes": 1073741824,
      "max_wal_flushes_before_l0_flush": 4096,
      "metric_level": "Info",
      "min_filter_keys": 1000,
      "object_store_cache_options": {
        "cache_puts": false,
        "max_cache_size_bytes": 17179869184,
        "max_open_file_handles": 1000,
        "part_size_bytes": 4194304,
        "preload_disk_cache_on_startup": null,
        "root_folder": null,
        "scan_interval": "3600s"
      },
      "wal_enabled": true
    },
    "task": {
      "clients": 64,
      "initial_state": "golden",
      "key_selection": "scrambled-zipfian-0.99",
      "measurement_ms": 900000,
      "operation_mix": {
        "get": 0.05,
        "put": 0.95
      },
      "scan_limit": null,
      "task": "update-heavy",
      "transaction_hot_keys": null,
      "transaction_reads": null,
      "transaction_updates": null,
      "warmup_ms": 300000
    }
  },
  "durability_drain_ns": 87534,
  "environment": {
    "cpu_cores": 16,
    "cpu_model": "AMD Ryzen 9 7950X3D 16-Core Processor",
    "endpoint": "https://t3.storage.dev",
    "hostname": "warp-16x-x64-w43dykscbcnmyzwd",
    "kernel": "6.17.0-1018-azure",
    "local_disk": "/dev/vda1:/, /dev/vda16:/boot, /dev/vda15:/boot/efi",
    "object_store": "Tigris",
    "os": "Ubuntu 24.04",
    "ram_bytes": 67426025472,
    "region": "fra",
    "runner_type": "warp-ubuntu-latest-x64-16x"
  },
  "golden_id": "slatedb-v0.14.1",
  "initial_state": {
    "checkpoint_id": "15622530-c272-4357-b478-742b821ccf4e",
    "kind": "golden",
    "lsm_digest_sha256": "2943c581e0eb2a5e6a92660be3fa689702bc2615e4479a981cc65c4750aca684",
    "manifest_id": 942
  },
  "machine": {
    "cpu_percent": {
      "avg": 18.45281245488731,
      "max": 40.62297439575195,
      "min": 0.4385964870452881,
      "p50": 18.98569679260254,
      "p95": 26.162792205810547,
      "p99": 29.484670639038086,
      "p999": 37.02983093261719
    },
    "disk_read_bytes_per_second": {
      "avg": 528.9726857271864,
      "max": 471057.0381330693,
      "min": 0.0,
      "p50": 0.0,
      "p95": 0.0,
      "p99": 0.0,
      "p999": 8192.21513576168
    },
    "disk_read_operations_per_second": {
      "avg": 0.12914372210136388,
      "max": 115.00415970045637,
      "min": 0.0,
      "p50": 0.0,
      "p95": 0.0,
      "p99": 0.0,
      "p999": 2.0000525233793165
    },
    "disk_write_bytes_per_second": {
      "avg": 725395107.9051883,
      "max": 1096412143.504876,
      "min": 4242849.158013477,
      "p50": 752990675.0436807,
      "p95": 977126596.3164271,
      "p99": 1057206822.6345536,
      "p999": 1095495622.1131253
    },
    "disk_write_operations_per_second": {
      "avg": 595.1422335478677,
      "max": 939.972702252754,
      "min": 2.999570980361392,