{
  "application": {
    "latency": {
      "durable": {
        "avg_ns": 30786975944.382565,
        "count": 8277691,
        "max_ns": 260964351000,
        "min_ns": 73088000,
        "p50_ns": 11575295000,
        "p95_ns": 249954303000,
        "p999_ns": 260702207000,
        "p99_ns": 258998271000
      },
      "flush": {
        "avg_ns": 17358848000.0,
        "count": 1,
        "max_ns": 17367039000,
        "min_ns": 17350656000,
        "p50_ns": 17367039000,
        "p95_ns": 17367039000,
        "p999_ns": 17367039000,
        "p99_ns": 17367039000
      },
      "transaction.commit": {
        "avg_ns": 5190469.925179853,
        "count": 10404684,
        "max_ns": 241303551000,
        "min_ns": 7000,
        "p50_ns": 2081000,
        "p95_ns": 2951000,
        "p999_ns": 14639000,
        "p99_ns": 8455000
      },
      "transaction.get": {
        "avg_ns": 71375.32101887917,
        "count": 52023420,
        "max_ns": 53183000,
        "min_ns": 6000,
        "p50_ns": 63000,
        "p95_ns": 142000,
        "p999_ns": 583000,
        "p99_ns": 245000
      },
      "transaction.put": {
        "avg_ns": 1324.1280753937374,
        "count": 52023420,
        "max_ns": 11007000,
        "min_ns": 1000,
        "p50_ns": 1000,
        "p95_ns": 2000,
        "p999_ns": 27000,
        "p99_ns": 8000
      }
    },
    "operations": {
      "flush": {
        "avg_per_second": 0.0010804814318469277,
        "max_per_second": 0.0,
        "min_per_second": 0.0,
        "p50_per_second": 0.0,
        "p95_per_second": 0.0,
        "p999_per_second": 0.0,
        "p99_per_second": 0.0,
        "total": 1
      },
      "transaction.commit": {
        "avg_per_second": 11242.067866234818,
        "max_per_second": 32866.441955044975,
        "min_per_second": 0.0,
        "p50_per_second": 0.0,
        "p95_per_second": 28583.77536164499,
        "p999_per_second": 31314.10809861161,
        "p99_per_second": 30295.876575773018,
        "total": 10404684
      },
      "transaction.get": {
        "avg_per_second": 56210.339331174095,
        "max_per_second": 164337.20984246075,
        "min_per_second": 0.0,
        "p50_per_second": 0.0,
        "p95_per_second": 142923.8753699488,
        "p999_per_second": 156587.54380970798,
        "p99_per_second": 151505.38706462886,
        "total": 52023420
      },
      "transaction.put": {
        "avg_per_second": 56210.339331174095,
        "max_per_second": 164338.20985590795,
        "min_per_second": 0.0,
        "p50_per_second": 0.0,
        "p95_per_second": 142918.87680822497,
        "p999_per_second": 156591.54459009622,
        "p99_per_second": 151500.38625967427,
        "total": 52023420
      }
    },
    "throughput": {
      "transaction.get": {
        "avg_bytes_per_second": 23608342.51909312,
        "max_bytes_per_second": 69021628.13383351,
        "min_bytes_per_second": 0.0,
        "p50_bytes_per_second": 0.0,
        "p95_bytes_per_second": 60028027.6553785,
        "p999_bytes_per_second": 65766768.40007736,
        "p99_bytes_per_second": 63632262.56714412,
        "total_bytes": 21849836400
      },
      "transaction.put": {
        "avg_bytes_per_second": 23608342.51909312,
        "max_bytes_per_second": 69022048.13948134,
        "min_bytes_per_second": 0.0,
        "p50_bytes_per_second": 0.0,
        "p95_bytes_per_second": 60025928.25945449,
        "p999_bytes_per_second": 65768448.72784041,
        "p99_bytes_per_second": 63630162.2290632,
        "total_bytes": 21849836400
      }
    }
  },
  "client_measurement_ns": 908149409038,
  "configuration": {
    "build_profile": "release",
    "caches": {
      "block_bytes": 4294967296,
      "metadata_bytes": 536870912,
      "object_store_bytes": 17179869184
    },
    "dataset": {
      "key_bytes": 20,
      "record_count": 300000000,
      "value_bytes": 400,
      "value_compression_ratio": 1.0
    },
    "enabled_features": [
      "aws",
      "foyer",
      "wal_disable",
      "zstd"
    ],
    "scale": 1.0,
    "slate_settings": {
      "compactor_options": {
        "commit_compacted_interval": "1s",
        "manifest_update_timeout": "300s",
        "max_concurrent_compactions": 4,
        "metric_level": null,
        "object_store_max_retries": null,
        "poll_interval": "1s",
        "scheduler_options": {},
        "worker": {
          "bytes_to_fetch": 2097152,
          "compactions_poll_interval": "1s",
          "compression_codec": null,
          "heartbeat_interval": "10s",
          "max_concurrent_compactions": 4,
          "max_fetch_tasks": 4,
          "max_sst_size": 268435456,
          "max_subcompactions": 4,
          "metric_level": null,
          "min_filter_keys": 1000
        },
        "worker_heartbeat_timeout": "30s"
      },
      "compression_codec": null,
      "default_ttl": null,
      "flush_interval": "100ms",
      "garbage_collector_options": {
        "boundary_files_enabled": true,
        "compacted_options": {
          "dry_run": false,
          "interval": "60s",
          "min_age": "300s"
        },
        "compactions_options": {
          "dry_run": false,
          "interval": "60s",
          "min_age": "300s"
        },
        "detach_options": {
          "interval": "60s"
        },
        "manifest_options": {
          "dry_run": false,
          "interval": "60s",
          "min_age": "300s"
        },
        "metric_level": null,
        "object_store_max_retries": null,
        "wal_fence_options": {
          "dry_run": true,
          "interval": "60s",
          "min_age": "300s"
        },
        "wal_options": {
          "dry_run": false,
          "interval": "60s",
          "min_age": "300s"
        }
      },
      "l0_flush_parallelism": 4,
      "l0_max_ssts": 16,
      "l0_max_ssts_per_key": 8,
      "l0_sst_size_bytes": 67108864,
      "manifest_poll_interval": "1s",
      "manifest_update_timeout": "300s",
      "max_unflushed_bytes": 1073741824,
      "max_wal_flushes_before_l0_flush": 4096,
      "metric_level": "Info",
      "min_filter_keys": 1000,
      "object_store_cache_options": {
        "cache_on_compaction": true,
        "cache_on_flush": true,
        "max_cache_size_bytes": 17179869184,
        "max_open_file_handles": 1000,
        "part_size_bytes": 4194304,
        "preload_disk_cache_on_startup": null,
        "root_folder": null,
        "scan_interval": "3600s"
      },
      "object_store_max_retries": null,
      "wal_enabled": true
    },
    "task": {
      "clients": 64,
      "initial_state": "golden",
      "key_selection": "uniform-hot-set",
      "measurement_ms": 900000,
      "operation_mix": {
        "transaction": 1.0
      },
      "scan_limit": null,
      "task": "transaction-contention",
      "transaction_hot_keys": 10000,
      "transaction_reads": 5,
      "transaction_updates": 5,
      "warmup_ms": 300000
    }
  },
  "durability_drain_ns": 17361524273,
  "environment": {
    "cpu_cores": 16,
    "cpu_model": "AMD Ryzen 9 7950X3D 16-Core Processor",
    "endpoint": "https://t3.storage.dev",
    "hostname": "warp-16x-x64-w5g91gn6036o7qay",
    "kernel": "6.17.0-1018-azure",
    "local_disk": "/dev/vda1:/, /dev/vda16:/boot, /dev/vda15:/boot/efi",
    "object_store": "Tigris",
    "os": "Ubuntu 24.04",
    "ram_bytes": 67426025472,
    "region": "fra",
    "runner_type": "warp-ubuntu-latest-x64-16x"
  },
  "golden_id": "slatedb-v0.14.1",
  "initial_state": {
    "checkpoint_id": "15622530-c272-4357-b478-742b821ccf4e",
    "kind": "golden",
    "lsm_digest_sha256": "2943c581e0eb2a5e6a92660be3fa689702bc2615e4479a981cc65c4750aca684",
    "manifest_id": 942
  },
  "machine": {
    "cpu_percent": {
      "avg": 26.474551839522412,
      "max": 89.43299102783203,
      "min": 0.1875,
      "p50": 2.6925485134124756,
      "p95": 71.57825469970703,
      "p99": 77.60314178466797,
      "p999": 83.45184326171875
    },