{
  "application": {
    "latency": {
      "flush": {
        "avg_ns": 7473152000.0,
        "count": 1,
        "max_ns": 7475199000,
        "min_ns": 7471104000,
        "p50_ns": 7475199000,
        "p95_ns": 7475199000,
        "p999_ns": 7475199000,
        "p99_ns": 7475199000
      },
      "write": {
        "avg_ns": 6260583.123129067,
        "count": 292969,
        "max_ns": 35586047000,
        "min_ns": 475000,
        "p50_ns": 644000,
        "p95_ns": 959000,
        "p999_ns": 15503000,
        "p99_ns": 2020000
      }
    },
    "operations": {
      "flush": {
        "avg_per_second": 0.0005426134496997107,
        "max_per_second": 1.0735642061858686,
        "min_per_second": 0.0,
        "p50_per_second": 0.0,
        "p95_per_second": 0.0,
        "p999_per_second": 0.0,
        "p99_per_second": 0.0,
        "total": 1
      },
      "write": {
        "avg_per_second": 158.96891974507454,
        "max_per_second": 1700.7361283911164,
        "min_per_second": 0.0,
        "p50_per_second": 0.0,
        "p95_per_second": 1390.5692265754315,
        "p999_per_second": 1660.198700415111,
        "p99_per_second": 1586.3583104598397,
        "total": 292969
      }
    },
    "throughput": {
      "write": {
        "avg_bytes_per_second": 68369294.66216356,
        "max_bytes_per_second": 731452594.0984513,
        "min_bytes_per_second": 0.0,
        "p50_bytes_per_second": 0.0,
        "p95_bytes_per_second": 598056012.9655615,
        "p999_bytes_per_second": 714018257.074531,
        "p99_bytes_per_second": 682260982.1625679,
        "total_bytes": 126000000000
      }
    }
  },
  "checkpoint": {
    "checkpoint_id": "6e3632db-f72b-40db-b445-cb389aa3dec2",
    "database_path": "benchmark/goldens/golden/bulk-load/database",
    "live_sst_bytes": 132276189301,
    "lsm_digest_sha256": "a46ae8a7e27e0200796edcf8cebdd802f2115180296ce17216ffddf0e73ec132",
    "manifest_id": 273
  },
  "configuration": {
    "build_profile": "release",
    "caches": {
      "block_bytes": 4294967296,
      "metadata_bytes": 536870912,
      "object_store_bytes": 17179869184
    },
    "dataset": {
      "key_bytes": 20,
      "record_count": 300000000,
      "value_bytes": 400,
      "value_compression_ratio": 1.0
    },
    "enabled_features": [
      "aws",
      "foyer",
      "wal_disable",
      "zstd"
    ],
    "scale": 1.0,
    "slate_settings": {
      "compactor_options": null,
      "compression_codec": null,
      "default_ttl": null,
      "flush_interval": "100ms",
      "garbage_collector_options": {
        "boundary_files_enabled": true,
        "compacted_options": {
          "dry_run": false,
          "interval": "60s",
          "min_age": "300s"
        },
        "compactions_options": {
          "dry_run": false,
          "interval": "60s",
          "min_age": "300s"
        },
        "detach_options": {
          "interval": "60s"
        },
        "manifest_options": {
          "dry_run": false,
          "interval": "60s",
          "min_age": "300s"
        },
        "metric_level": null,
        "object_store_max_retries": null,
        "wal_fence_options": {
          "dry_run": true,
          "interval": "60s",
          "min_age": "300s"
        },
        "wal_options": {
          "dry_run": false,
          "interval": "60s",
          "min_age": "300s"
        }
      },
      "l0_flush_parallelism": 8,
      "l0_max_ssts": 4294967295,
      "l0_max_ssts_per_key": 4294967295,
      "l0_sst_size_bytes": 67108864,
      "manifest_poll_interval": "1s",
      "manifest_update_timeout": "300s",
      "max_unflushed_bytes": 1073741824,
      "max_wal_flushes_before_l0_flush": 4096,
      "metric_level": "Info",
      "min_filter_keys": 1000,
      "object_store_cache_options": {
        "cache_on_compaction": true,
        "cache_on_flush": true,
        "max_cache_size_bytes": 17179869184,
        "max_open_file_handles": 1000,
        "part_size_bytes": 4194304,
        "preload_disk_cache_on_startup": null,
        "root_folder": null,
        "scan_interval": "3600s"
      },
      "object_store_max_retries": null,
      "wal_enabled": true
    },
    "task": {
      "clients": 0,
      "initial_state": "preparation",
      "key_selection": "none",
      "measurement_ms": 0,
      "operation_mix": {},
      "scan_limit": null,
      "task": "bulk-load",
      "transaction_hot_keys": null,
      "transaction_reads": null,
      "transaction_updates": null,
      "warmup_ms": 0
    }
  },
  "dataset": {
    "key_bytes": 20,
    "live_sst_bytes": 132276189301,
    "logical_bytes": 126000000000,
    "record_count": 300000000,
    "value_bytes": 400
  },
  "environment": {
    "cpu_cores": 8,
    "cpu_model": "Neoverse-V2",
    "endpoint": "https://t3.storage.dev",
    "hostname": "ip-172-31-12-11",
    "kernel": "6.17.0-1017-aws",
    "local_disk": "/dev/root:/, /dev/nvme0n1p16:/boot, /dev/nvme0n1p15:/boot/efi",
    "object_store": "Tigris",
    "os": "Ubuntu 24.04",
    "ram_bytes": 33016864768,
    "region": "fra",
    "runner_type": "warp-ubuntu-latest-arm64-8x"
  },
  "golden_id": "golden",
  "machine": {
    "cpu_percent": {
      "avg": 10.90933724253792,
      "max": 51.97452163696289,
      "min": 0.125,
      "p50": 4.0100250244140625,
      "p95": 44.85530471801758,
      "p99": 48.11320877075195,
      "p999": 50.12787628173828
    },
    "disk_read_bytes_per_second": {
      "avg": 22624.60548794641,
      "max": 16046740.844700105,
      "min": 0.0,
      "p50": 0.0,
      "p95": 4095.9310122339607,
      "p99": 131103.23731283835,
      "p999": 2962479.400462957
    },
    "disk_read_operations_per_second": {
      "avg": 0.6121824567303015,
      "max": 312.0406991563503,
      "min": 0.0,
      "p50": 0.0,
      "p95": 0.9998004038465776,
      "p99": 4.000571521647583,
      "p999": 177.08005204788913
    },
    "disk_write_bytes_per_second": {
      "avg": 75938881.49907012,
      "max": 1059786944.038209,
      "min": 0.0,
      "p50": 0.0,
      "p95": 540588075.3230704,
      "p99": 765668176.5801907,
      "p999": 931607082.8876094
    },
    "disk_write_operations_per_second": {
      "avg": 301.9222880633718,
      "max": 4069.461213207215,
      "min": 0.0,
      "p50": 0.0,
      "p95": 2222.5727881235184,
      "p99": 3107.8540565130124,
      "p999": 3564.968211894431
    },
    "network_receive_bytes_per_second": {
      "avg": 481654.3964764962,
      "max": 3356690.0509881764,
      "min": 0.0,
      "p50": 312173.3993252235,
      "p95": 1480324.6786743808,
      "p99": 2038500.8366854682,
      "p999": 2631151.653449062
    },
    "network_send_bytes_per_second": {
      "avg": 162098503.7819829,
      "max": 582565516.6747713,
      "min": 0.0,
      "p50": 113950828.5130228,
      "p95": 454029267.331001,
      "p99": 539876215.694428,
      "p999": 563839337.2811661
    },
    "rss_bytes": {
      "avg": 21029668833.365097,
      "max": 22808866816.0,
      "min": 2492059648.0,
      "p50": 21898211328.0,
      "p95": 22784049152.0,
      "p99": 22784077824.0,
      "p999": 22808866816.0
    }
  },
  "object_store": {
    "requests": {
      "GET": {
        "avg_per_second": 3.3604050939903085,
        "max_per_second": 71.65060128826349,
        "min_per_second": 0.0,
        "p50_per_second": 3.0000744948497813,
        "p95_per_second": 11.997729561655483,
        "p999_per_second": 33.49005803372549,
        "p99_per_second": 19.009312643254617,
        "total": 6193
      },
      "POST": {
        "avg_per_second": 2.415715078063112,
        "max_per_second": 38.97116544123721,
        "min_per_second": 0.0,
        "p50_per_second": 0.605274241835936,
        "p95_per_second": 8.99811787268269,
        "p999_per_second": 30.173616211709486,
        "p99_per_second": 13.990995493237522,
        "total": 4452
      },
      "PUT": {
        "avg_per_second": 7.943318290154066,
        "max_per_second": 94.30707780277335,
        "min_per_second": 0.0,