{
  "application": {
    "latency": {
      "flush": {
        "avg_ns": 2513920000.0,
        "count": 1,
        "max_ns": 2514943000,
        "min_ns": 2512896000,
        "p50_ns": 2514943000,
        "p95_ns": 2514943000,
        "p999_ns": 2514943000,
        "p99_ns": 2514943000
      },
      "write": {
        "avg_ns": 19832400.950271197,
        "count": 292969,
        "max_ns": 141426687000,
        "min_ns": 270000,
        "p50_ns": 447000,
        "p95_ns": 756000,
        "p999_ns": 3561471000,
        "p99_ns": 2026000
      }
    },
    "operations": {
      "flush": {
        "avg_per_second": 0.0001720025613354257,
        "max_per_second": 1.1545310962929456,
        "min_per_second": 0.0,
        "p50_per_second": 0.0,
        "p95_per_second": 0.0,
        "p999_per_second": 0.0,
        "p99_per_second": 0.0,
        "total": 1
      },
      "write": {
        "avg_per_second": 50.391418391878325,
        "max_per_second": 1186.666120806916,
        "min_per_second": 0.0,
        "p50_per_second": 0.0,
        "p95_per_second": 351.9960907314163,
        "p999_per_second": 1152.5018368435335,
        "p99_per_second": 814.9649450978515,
        "total": 292969
      }
    },
    "throughput": {
      "write": {
        "avg_bytes_per_second": 21672322.728263635,
        "max_bytes_per_second": 510361365.2366384,
        "min_bytes_per_second": 0.0,
        "p50_bytes_per_second": 0.0,
        "p95_bytes_per_second": 151386478.70176753,
        "p999_bytes_per_second": 495667989.9896669,
        "p99_bytes_per_second": 350500123.587684,
        "total_bytes": 126000000000
      }
    }
  },
  "checkpoint": {
    "checkpoint_id": "9d77413a-8747-4ff3-80c8-f13ad94ad85b",
    "database_path": "benchmark/goldens/slatedb-v0.14.1/bulk-load/database",
    "live_sst_bytes": 132276189301,
    "lsm_digest_sha256": "bd985290b3dc56cb2bf4c89f4d21246ffb1114b897bf6c5a6c2a47365c95ce9e",
    "manifest_id": 519
  },
  "configuration": {
    "build_profile": "release",
    "caches": {
      "block_bytes": 4294967296,
      "metadata_bytes": 536870912,
      "object_store_bytes": 17179869184
    },
    "dataset": {
      "key_bytes": 20,
      "record_count": 300000000,
      "value_bytes": 400,
      "value_compression_ratio": 1.0
    },
    "enabled_features": [
      "aws",
      "foyer",
      "wal_disable",
      "zstd"
    ],
    "scale": 1.0,
    "slate_settings": {
      "compactor_options": null,
      "compression_codec": null,
      "default_ttl": null,
      "flush_interval": "100ms",
      "garbage_collector_options": {
        "compacted_options": {
          "dry_run": false,
          "interval": "60s",
          "min_age": "300s"
        },
        "compactions_options": {
          "dry_run": false,
          "interval": "60s",
          "min_age": "300s"
        },
        "detach_options": {
          "interval": "60s"
        },
        "manifest_options": {
          "dry_run": false,
          "interval": "60s",
          "min_age": "300s"
        },
        "metric_level": null,
        "wal_fence_options": {
          "dry_run": true,
          "interval": "60s",
          "min_age": "300s"
        },
        "wal_options": {
          "dry_run": false,
          "interval": "60s",
          "min_age": "300s"
        }
      },
      "l0_flush_parallelism": 4,
      "l0_max_ssts": 4294967295,
      "l0_max_ssts_per_key": 4294967295,
      "l0_sst_size_bytes": 67108864,
      "manifest_poll_interval": "1s",
      "manifest_update_timeout": "300s",
      "max_unflushed_bytes": 1073741824,
      "max_wal_flushes_before_l0_flush": 4096,
      "metric_level": "Info",
      "min_filter_keys": 1000,
      "object_store_cache_options": {
        "cache_puts": false,
        "max_cache_size_bytes": 17179869184,
        "max_open_file_handles": 1000,
        "part_size_bytes": 4194304,
        "preload_disk_cache_on_startup": null,
        "root_folder": null,
        "scan_interval": "3600s"
      },
      "wal_enabled": true
    },
    "task": {
      "clients": 0,
      "initial_state": "preparation",
      "key_selection": "none",
      "measurement_ms": 0,
      "operation_mix": {},
      "scan_limit": null,
      "task": "bulk-load",
      "transaction_hot_keys": null,
      "transaction_reads": null,
      "transaction_updates": null,
      "warmup_ms": 0
    }
  },
  "dataset": {
    "key_bytes": 20,
    "live_sst_bytes": 132276189301,
    "logical_bytes": 126000000000,
    "record_count": 300000000,
    "value_bytes": 400
  },
  "environment": {
    "cpu_cores": 16,
    "cpu_model": "AMD Ryzen 9 7950X3D 16-Core Processor",
    "endpoint": "https://t3.storage.dev",
    "hostname": "warp-16x-x64-wriir451lyo8nbel",
    "kernel": "6.17.0-1018-azure",
    "local_disk": "/dev/vda1:/, /dev/vda16:/boot, /dev/vda15:/boot/efi",
    "object_store": "Tigris",
    "os": "Ubuntu 24.04",
    "ram_bytes": 67426021376,
    "region": "fra",
    "runner_type": "warp-ubuntu-latest-x64-16x"
  },
  "golden_id": "slatedb-v0.14.1",
  "machine": {
    "cpu_percent": {
      "avg": 1.2882135769042464,
      "max": 20.553110122680664,
      "min": 0.1251564472913742,
      "p50": 0.31328320503234863,
      "p95": 6.875,
      "p99": 11.853720664978027,
      "p999": 16.020341873168945
    },
    "disk_read_bytes_per_second": {
      "avg": 191.7434073700415,
      "max": 471435.6330261562,
      "min": 0.0,
      "p50": 0.0,
      "p95": 0.0,
      "p99": 0.0,
      "p999": 0.0
    },
    "disk_read_operations_per_second": {
      "avg": 0.0335600148667701,
      "max": 115.09659009427642,
      "min": 0.0,
      "p50": 0.0,
      "p95": 0.0,
      "p99": 0.0,
      "p999": 0.0
    },
    "disk_write_bytes_per_second": {
      "avg": 9088.821645769622,
      "max": 26933930.745984416,
      "min": 0.0,
      "p50": 0.0,
      "p95": 20478.629611063687,
      "p99": 69634.76937477803,
      "p999": 258054.05910930788
    },
    "disk_write_operations_per_second": {
      "avg": 0.5615405295256636,
      "max": 168.0268584212112,
      "min": 0.0,
      "p50": 0.0,
      "p95": 2.000708512906384,
      "p99": 9.019769431422327,
      "p999": 46.99716541296529
    },
    "network_receive_bytes_per_second": {
      "avg": 563279.2576460036,
      "max": 6062615.599216808,
      "min": 1006.5625881616885,
      "p50": 274156.27331452013,
      "p95": 1965527.215652788,
      "p99": 3159071.5251668813,
      "p999": 4576439.967824559
    },
    "network_send_bytes_per_second": {
      "avg": 46659557.56349292,
      "max": 569510998.8165165,
      "min": 673.8268345894325,
      "p50": 4707716.1548459595,
      "p95": 210294513.30626154,
      "p99": 351860124.0686986,
      "p999": 494817039.36949307
    },
    "rss_bytes": {
      "avg": 22961918760.20781,
      "max": 27538935808.0,
      "min": 1612996608.0,
      "p50": 24643252224.0,
      "p95": 26936901632.0,
      "p99": 27275309056.0,
      "p999": 27538935808.0
    }
  },
  "object_store": {
    "requests": {
      "GET": {
        "avg_per_second": 3.0408332818489905,
        "max_per_second": 30.005550816862264,
        "min_per_second": 0.0,
        "p50_per_second": 2.999276880342703,
        "p95_per_second": 6.996793194759012,
        "p999_per_second": 12.006898960025149,
        "p99_per_second": 9.999675970499853,
        "total": 17679
      },
      "POST": {
        "avg_per_second": 0.8932093010148655,
        "max_per_second": 23.978618074434085,
        "min_per_second": 0.0,
        "p50_per_second": 0.0,
        "p95_per_second": 4.998056240933733,
        "p999_per_second": 17.923307600641465,
        "p99_per_second": 9.002334881584227,
        "total": 5193
      },
      "PUT": {
        "avg_per_second": 2.670339764732484,
        "max_per_second": 51.02165833681237,
        "min_per_second": 0.0,
        "p50_per_second": 0.0,
        "p95_per_second": 16.005792720466633,
        "p999_per_second": 44.00120602905605,
        "p99_per_second": 30.009121752702683,