{
  "application": {
    "latency": {
      "durable": {
        "avg_ns": 285896203.33978885,
        "count": 438950,
        "max_ns": 4665343000,
        "min_ns": 29232000,
        "p50_ns": 128383000,
        "p95_ns": 1390591000,
        "p999_ns": 3887103000,
        "p99_ns": 2648063000
      },
      "flush": {
        "avg_ns": 74000.0,
        "count": 1,
        "max_ns": 74000,
        "min_ns": 74000,
        "p50_ns": 74000,
        "p95_ns": 74000,
        "p999_ns": 74000,
        "p99_ns": 74000
      },
      "get": {
        "avg_ns": 131790982.59622633,
        "count": 437951,
        "max_ns": 25296895000,
        "min_ns": 2000,
        "p50_ns": 87000,
        "p95_ns": 409343000,
        "p999_ns": 9068543000,
        "p99_ns": 946175000
      },
      "put": {
        "avg_ns": 19391.158446292266,
        "count": 438950,
        "max_ns": 13527000,
        "min_ns": 1000,
        "p50_ns": 13000,
        "p95_ns": 49000,
        "p999_ns": 171000,
        "p99_ns": 82000
      }
    },
    "operations": {
      "flush": {
        "avg_per_second": 0.0010976522097213134,
        "max_per_second": 0.0,
        "min_per_second": 0.0,
        "p50_per_second": 0.0,
        "p95_per_second": 0.0,
        "p999_per_second": 0.0,
        "p99_per_second": 0.0,
        "total": 1
      },
      "get": {
        "avg_per_second": 480.71788289965895,
        "max_per_second": 673.9881405046797,
        "min_per_second": 0.0,
        "p50_per_second": 490.9989021264548,
        "p95_per_second": 584.0037790884545,
        "p999_per_second": 659.9495435576472,
        "p99_per_second": 621.0010693638415,
        "total": 437951
      },
      "put": {
        "avg_per_second": 481.8144374571705,
        "max_per_second": 736.9870319761853,
        "min_per_second": 0.0,
        "p50_per_second": 490.9743814477504,
        "p95_per_second": 601.0225912371594,
        "p999_per_second": 688.9718906358339,
        "p99_per_second": 646.954276506508,
        "total": 438950
      }
    },
    "throughput": {
      "get": {
        "avg_bytes_per_second": 201901.51081785676,
        "max_bytes_per_second": 283075.0190119655,
        "min_bytes_per_second": 0.0,
        "p50_bytes_per_second": 206219.53889311102,
        "p95_bytes_per_second": 245281.58721715087,
        "p999_bytes_per_second": 277178.80829421186,
        "p99_bytes_per_second": 260820.4491328134,
        "total_bytes": 183939420
      },
      "put": {
        "avg_bytes_per_second": 202362.06373201162,
        "max_bytes_per_second": 309534.5534299979,
        "min_bytes_per_second": 0.0,
        "p50_bytes_per_second": 206209.24020805515,
        "p95_bytes_per_second": 252429.48831960696,
        "p999_bytes_per_second": 289368.19406705024,
        "p99_bytes_per_second": 271720.79613273335,
        "total_bytes": 184359000
      }
    }
  },
  "client_measurement_ns": 911032684408,
  "configuration": {
    "build_profile": "release",
    "caches": {
      "block_bytes": 4294967296,
      "metadata_bytes": 536870912,
      "object_store_bytes": 17179869184
    },
    "dataset": {
      "key_bytes": 20,
      "record_count": 300000000,
      "value_bytes": 400,
      "value_compression_ratio": 1.0
    },
    "enabled_features": [
      "aws",
      "foyer",
      "wal_disable",
      "zstd"
    ],
    "scale": 1.0,
    "slate_settings": {
      "compactor_options": {
        "commit_compacted_interval": "1s",
        "manifest_update_timeout": "300s",
        "max_concurrent_compactions": 4,
        "metric_level": null,
        "object_store_max_retries": null,
        "poll_interval": "1s",
        "scheduler_options": {},
        "worker": {
          "bytes_to_fetch": 2097152,
          "compactions_poll_interval": "1s",
          "compression_codec": null,
          "heartbeat_interval": "10s",
          "max_concurrent_compactions": 4,
          "max_fetch_tasks": 4,
          "max_sst_size": 268435456,
          "max_subcompactions": 4,
          "metric_level": null,
          "min_filter_keys": 1000
        },
        "worker_heartbeat_timeout": "30s"
      },
      "compression_codec": null,
      "default_ttl": null,
      "flush_interval": "100ms",
      "garbage_collector_options": {
        "boundary_files_enabled": true,
        "compacted_options": {
          "dry_run": false,
          "interval": "60s",
          "min_age": "300s"
        },
        "compactions_options": {
          "dry_run": false,
          "interval": "60s",
          "min_age": "300s"
        },
        "detach_options": {
          "interval": "60s"
        },
        "manifest_options": {
          "dry_run": false,
          "interval": "60s",
          "min_age": "300s"
        },
        "metric_level": null,
        "object_store_max_retries": null,
        "wal_fence_options": {
          "dry_run": true,
          "interval": "60s",
          "min_age": "300s"
        },
        "wal_options": {
          "dry_run": false,
          "interval": "60s",
          "min_age": "300s"
        }
      },
      "l0_flush_parallelism": 4,
      "l0_max_ssts": 16,
      "l0_max_ssts_per_key": 8,
      "l0_sst_size_bytes": 67108864,
      "manifest_poll_interval": "1s",
      "manifest_update_timeout": "300s",
      "max_unflushed_bytes": 1073741824,
      "max_wal_flushes_before_l0_flush": 4096,
      "metric_level": "Info",
      "min_filter_keys": 1000,
      "object_store_cache_options": {
        "cache_on_compaction": true,
        "cache_on_flush": true,
        "max_cache_size_bytes": 17179869184,
        "max_open_file_handles": 1000,
        "part_size_bytes": 4194304,
        "preload_disk_cache_on_startup": null,
        "root_folder": null,
        "scan_interval": "3600s"
      },
      "object_store_max_retries": null,
      "wal_enabled": true
    },
    "task": {
      "clients": 64,
      "initial_state": "golden",
      "key_selection": "scrambled-zipfian-0.99",
      "measurement_ms": 900000,
      "operation_mix": {
        "get": 0.5,
        "put": 0.5
      },
      "scan_limit": null,
      "task": "balanced",
      "transaction_hot_keys": null,
      "transaction_reads": null,
      "transaction_updates": null,
      "warmup_ms": 300000
    }
  },
  "durability_drain_ns": 132289,
  "environment": {
    "cpu_cores": 16,
    "cpu_model": "AMD Ryzen 9 7950X3D 16-Core Processor",
    "endpoint": "https://t3.storage.dev",
    "hostname": "warp-16x-x64-wor4j35a24g4tfij",
    "kernel": "6.17.0-1018-azure",
    "local_disk": "/dev/vda1:/, /dev/vda16:/boot, /dev/vda15:/boot/efi",
    "object_store": "Tigris",
    "os": "Ubuntu 24.04",
    "ram_bytes": 67426025472,
    "region": "fra",
    "runner_type": "warp-ubuntu-latest-x64-16x"
  },
  "golden_id": "slatedb-v0.14.1",
  "initial_state": {
    "checkpoint_id": "15622530-c272-4357-b478-742b821ccf4e",
    "kind": "golden",
    "lsm_digest_sha256": "2943c581e0eb2a5e6a92660be3fa689702bc2615e4479a981cc65c4750aca684",
    "manifest_id": 942
  },
  "machine": {
    "cpu_percent": {
      "avg": 17.49890591359557,
      "max": 27.249357223510742,
      "min": 0.3126954436302185,
      "p50": 17.931936264038086,
      "p95": 22.21502685546875,
      "p99": 25.09677505493164,
      "p999": 27.138263702392578
    },
    "disk_read_bytes_per_second": {
      "avg": 521.5703716399837,
      "max": 471054.6295436297,
      "min": 0.0,
      "p50": 0.0,
      "p95": 0.0,
      "p99": 0.0,
      "p999": 4095.979020395458
    },
    "disk_read_operations_per_second": {
      "avg": 0.1273365165136679,
      "max": 115.00357166592522,
      "min": 0.0,
      "p50": 0.0,
      "p95": 0.0,
      "p99": 0.0,
      "p999": 0.9999948780262349
    },
    "disk_write_bytes_per_second": {
      "avg": 721955395.6454271,
      "max": 4904799262.317574,
      "min": 0.0,
      "p50": 628235117.5021546,
      "p95": 2908574385.337978,
      "p99": 4056142771.870084,
      "p999": 4759862798.765283
    },