{
  "application": {
    "latency": {
      "durable": {
        "avg_ns": 4174068346.3244934,
        "count": 6136326,
        "max_ns": 57212927000,
        "min_ns": 36800000,
        "p50_ns": 290559000,
        "p95_ns": 27475967000,
        "p999_ns": 54460415000,
        "p99_ns": 42565631000
      },
      "flush": {
        "avg_ns": 36000.0,
        "count": 1,
        "max_ns": 36000,
        "min_ns": 36000,
        "p50_ns": 36000,
        "p95_ns": 36000,
        "p999_ns": 36000,
        "p99_ns": 36000
      },
      "get": {
        "avg_ns": 179580343.54094672,
        "count": 321688,
        "max_ns": 26214399000,
        "min_ns": 5000,
        "p50_ns": 79000,
        "p95_ns": 470527000,
        "p999_ns": 12091391000,
        "p99_ns": 4128767000
      },
      "put": {
        "avg_ns": 10012.204045221839,
        "count": 6136326,
        "max_ns": 6603000,
        "min_ns": 1000,
        "p50_ns": 6000,
        "p95_ns": 27000,
        "p999_ns": 238000,
        "p99_ns": 60000
      }
    },
    "operations": {
      "flush": {
        "avg_per_second": 0.0010981313537043493,
        "max_per_second": 0.0,
        "min_per_second": 0.0,
        "p50_per_second": 0.0,
        "p95_per_second": 0.0,
        "p999_per_second": 0.0,
        "p99_per_second": 0.0,
        "total": 1
      },
      "get": {
        "avg_per_second": 353.2556789104447,
        "max_per_second": 815.0127533195639,
        "min_per_second": 0.9994613373138708,
        "p50_per_second": 308.9645932755398,
        "p95_per_second": 685.9814970210808,
        "p999_per_second": 812.0478279929731,
        "p99_per_second": 748.99265238208,
        "total": 321688
      },
      "put": {
        "avg_per_second": 6738.491977151195,
        "max_per_second": 15760.923244303802,
        "min_per_second": 0.0,
        "p50_per_second": 5841.993141500051,
        "p95_per_second": 13249.494743767442,
        "p999_per_second": 15329.645519744621,
        "p99_per_second": 14550.493436333414,
        "total": 6136326
      }
    },
    "throughput": {
      "get": {
        "avg_bytes_per_second": 148367.38514238677,
        "max_bytes_per_second": 342305.3563942168,
        "min_bytes_per_second": 419.7737616718257,
        "p50_bytes_per_second": 129765.12917572673,
        "p95_bytes_per_second": 288112.22874885396,
        "p999_bytes_per_second": 341060.0877570487,
        "p99_bytes_per_second": 314576.9140004736,
        "total_bytes": 135108960
      },
      "put": {
        "avg_bytes_per_second": 2830166.630403502,
        "max_bytes_per_second": 6619587.762607597,
        "min_bytes_per_second": 0.0,
        "p50_bytes_per_second": 2453637.1194300214,
        "p95_bytes_per_second": 5564787.792382325,
        "p999_bytes_per_second": 6438451.1182927415,
        "p99_bytes_per_second": 6111207.243260033,
        "total_bytes": 2577256920
      }
    }
  },
  "client_measurement_ns": 910635400586,
  "configuration": {
    "build_profile": "release",
    "caches": {
      "block_bytes": 4294967296,
      "metadata_bytes": 536870912,
      "object_store_bytes": 17179869184
    },
    "dataset": {
      "key_bytes": 20,
      "record_count": 300000000,
      "value_bytes": 400,
      "value_compression_ratio": 1.0
    },
    "enabled_features": [
      "aws",
      "foyer",
      "wal_disable",
      "zstd"
    ],
    "scale": 1.0,
    "slate_settings": {
      "compactor_options": {
        "commit_compacted_interval": "1s",
        "manifest_update_timeout": "300s",
        "max_concurrent_compactions": 4,
        "metric_level": null,
        "object_store_max_retries": null,
        "poll_interval": "1s",
        "scheduler_options": {},
        "worker": {
          "bytes_to_fetch": 2097152,
          "compactions_poll_interval": "1s",
          "compression_codec": null,
          "heartbeat_interval": "10s",
          "max_concurrent_compactions": 4,
          "max_fetch_tasks": 4,
          "max_sst_size": 268435456,
          "max_subcompactions": 4,
          "metric_level": null,
          "min_filter_keys": 1000
        },
        "worker_heartbeat_timeout": "30s"
      },
      "compression_codec": null,
      "default_ttl": null,
      "flush_interval": "100ms",
      "garbage_collector_options": {
        "boundary_files_enabled": true,
        "compacted_options": {
          "dry_run": false,
          "interval": "60s",
          "min_age": "300s"
        },
        "compactions_options": {
          "dry_run": false,
          "interval": "60s",
          "min_age": "300s"
        },
        "detach_options": {
          "interval": "60s"
        },
        "manifest_options": {
          "dry_run": false,
          "interval": "60s",
          "min_age": "300s"
        },
        "metric_level": null,
        "object_store_max_retries": null,
        "wal_fence_options": {
          "dry_run": true,
          "interval": "60s",
          "min_age": "300s"
        },
        "wal_options": {
          "dry_run": false,
          "interval": "60s",
          "min_age": "300s"
        }
      },
      "l0_flush_parallelism": 4,
      "l0_max_ssts": 16,
      "l0_max_ssts_per_key": 8,
      "l0_sst_size_bytes": 67108864,
      "manifest_poll_interval": "1s",
      "manifest_update_timeout": "300s",
      "max_unflushed_bytes": 1073741824,
      "max_wal_flushes_before_l0_flush": 4096,
      "metric_level": "Info",
      "min_filter_keys": 1000,
      "object_store_cache_options": {
        "cache_on_compaction": true,
        "cache_on_flush": true,
        "max_cache_size_bytes": 17179869184,
        "max_open_file_handles": 1000,
        "part_size_bytes": 4194304,
        "preload_disk_cache_on_startup": null,
        "root_folder": null,
        "scan_interval": "3600s"
      },
      "object_store_max_retries": null,
      "wal_enabled": true
    },
    "task": {
      "clients": 64,
      "initial_state": "golden",
      "key_selection": "scrambled-zipfian-0.99",
      "measurement_ms": 900000,
      "operation_mix": {
        "get": 0.05,
        "put": 0.95
      },
      "scan_limit": null,
      "task": "update-heavy",
      "transaction_hot_keys": null,
      "transaction_reads": null,
      "transaction_updates": null,
      "warmup_ms": 300000
    }
  },
  "durability_drain_ns": 82315,
  "environment": {
    "cpu_cores": 16,
    "cpu_model": "AMD Ryzen 9 7950X3D 16-Core Processor",
    "endpoint": "https://t3.storage.dev",
    "hostname": "warp-16x-x64-wixyvhbmcd6z4j2h",
    "kernel": "6.17.0-1018-azure",
    "local_disk": "/dev/vda1:/, /dev/vda16:/boot, /dev/vda15:/boot/efi",
    "object_store": "Tigris",
    "os": "Ubuntu 24.04",
    "ram_bytes": 67426029568,
    "region": "fra",
    "runner_type": "warp-ubuntu-latest-x64-16x"
  },
  "golden_id": "slatedb-v0.14.1",
  "initial_state": {
    "checkpoint_id": "15622530-c272-4357-b478-742b821ccf4e",
    "kind": "golden",
    "lsm_digest_sha256": "2943c581e0eb2a5e6a92660be3fa689702bc2615e4479a981cc65c4750aca684",
    "manifest_id": 942
  },
  "machine": {
    "cpu_percent": {
      "avg": 10.45020405113042,
      "max": 31.827112197875977,
      "min": 0.3128911256790161,
      "p50": 7.225064277648926,
      "p95": 22.57012367248535,
      "p99": 26.493507385253906,
      "p999": 31.00522232055664
    },
    "disk_read_bytes_per_second": {
      "avg": 522.1648649532337,
      "max": 471074.16889376653,
      "min": 0.0,
      "p50": 0.0,
      "p95": 0.0,
      "p99": 0.0,
      "p999": 4095.858213676217
    },
    "disk_read_operations_per_second": {
      "avg": 0.12748165648272308,
      "max": 115.00834201507972,
      "min": 0.0,
      "p50": 0.0,
      "p95": 0.0,
      "p99": 0.0,
      "p999": 0.9999653841982952
    },
    "disk_write_bytes_per_second": {
      "avg": 401762052.50273114,
      "max": 1555147503.778559,
      "min": 0.0,
      "p50": 150788777.8420695,
      "p95": 1263945585.8455262,
      "p99": 1395401593.151527,