{
  "application": {
    "latency": {
      "scan": {
        "avg_ns": 1293220.5692432735,
        "count": 1796420,
        "max_ns": 6721535000,
        "min_ns": 1000,
        "p50_ns": 2000,
        "p95_ns": 186000,
        "p999_ns": 344575000,
        "p99_ns": 1187000
      }
    },
    "operations": {
      "scan": {
        "avg_per_second": 1985.0840344877327,
        "max_per_second": 2684.9194014044892,
        "min_per_second": 10.003046737978499,
        "p50_per_second": 2008.0786986122773,
        "p95_per_second": 2317.0297807837724,
        "p999_per_second": 2587.8448483499624,
        "p99_per_second": 2460.0004624800868,
        "total": 1796420
      }
    },
    "throughput": {
      "scan": {
        "avg_bytes_per_second": 833735.2944848477,
        "max_bytes_per_second": 1127666.1485898856,
        "min_bytes_per_second": 4201.27962995097,
        "p50_bytes_per_second": 843393.0534171566,
        "p95_bytes_per_second": 973152.5079291844,
        "p999_bytes_per_second": 1086894.836306984,
        "p99_bytes_per_second": 1033200.1942416365,
        "total_bytes": 754496400
      }
    }
  },
  "client_measurement_ns": 904957261442,
  "configuration": {
    "build_profile": "release",
    "caches": {
      "block_bytes": 4294967296,
      "metadata_bytes": 536870912,
      "object_store_bytes": 17179869184
    },
    "dataset": {
      "key_bytes": 20,
      "record_count": 300000000,
      "value_bytes": 400,
      "value_compression_ratio": 1.0
    },
    "enabled_features": [
      "aws",
      "foyer",
      "wal_disable",
      "zstd"
    ],
    "scale": 1.0,
    "slate_settings": {
      "compactor_options": {
        "commit_compacted_interval": "1s",
        "manifest_update_timeout": "300s",
        "max_concurrent_compactions": 4,
        "metric_level": null,
        "poll_interval": "5s",
        "scheduler_options": {},
        "worker": {
          "bytes_to_fetch": 2097152,
          "compactions_poll_interval": "5s",
          "compression_codec": null,
          "heartbeat_bytes": 5242880,
          "heartbeat_min_interval": "5s",
          "max_concurrent_compactions": 4,
          "max_fetch_tasks": 4,
          "max_sst_size": 268435456,
          "max_subcompactions": 4,
          "metric_level": null,
          "min_filter_keys": 1000
        },
        "worker_heartbeat_timeout": "30s"
      },
      "compression_codec": null,
      "default_ttl": null,
      "flush_interval": "100ms",
      "garbage_collector_options": {
        "compacted_options": {
          "dry_run": false,
          "interval": "60s",
          "min_age": "300s"
        },
        "compactions_options": {
          "dry_run": false,
          "interval": "60s",
          "min_age": "300s"
        },
        "detach_options": {
          "interval": "60s"
        },
        "manifest_options": {
          "dry_run": false,
          "interval": "60s",
          "min_age": "300s"
        },
        "metric_level": null,
        "wal_fence_options": {
          "dry_run": true,
          "interval": "60s",
          "min_age": "300s"
        },
        "wal_options": {
          "dry_run": false,
          "interval": "60s",
          "min_age": "300s"
        }
      },
      "l0_flush_parallelism": 4,
      "l0_max_ssts": 8,
      "l0_max_ssts_per_key": 8,
      "l0_sst_size_bytes": 67108864,
      "manifest_poll_interval": "1s",
      "manifest_update_timeout": "300s",
      "max_unflushed_bytes": 1073741824,
      "max_wal_flushes_before_l0_flush": 4096,
      "metric_level": "Info",
      "min_filter_keys": 1000,
      "object_store_cache_options": {
        "cache_puts": false,
        "max_cache_size_bytes": 17179869184,
        "max_open_file_handles": 1000,
        "part_size_bytes": 4194304,
        "preload_disk_cache_on_startup": null,
        "root_folder": null,
        "scan_interval": "3600s"
      },
      "wal_enabled": true
    },
    "task": {
      "clients": 64,
      "initial_state": "golden",
      "key_selection": "uniform",
      "measurement_ms": 900000,
      "operation_mix": {
        "scan": 1.0
      },
      "scan_limit": 10,
      "task": "range-scan",
      "transaction_hot_keys": null,
      "transaction_reads": null,
      "transaction_updates": null,
      "warmup_ms": 300000
    }
  },
  "durability_drain_ns": 0,
  "environment": {
    "cpu_cores": 16,
    "cpu_model": "AMD Ryzen 9 7950X3D 16-Core Processor",
    "endpoint": "https://t3.storage.dev",
    "hostname": "warp-16x-x64-wa62r02xt2rg32xc",
    "kernel": "6.17.0-1018-azure",
    "local_disk": "/dev/vda1:/, /dev/vda16:/boot, /dev/vda15:/boot/efi",
    "object_store": "Tigris",
    "os": "Ubuntu 24.04",
    "ram_bytes": 67426029568,
    "region": "fra",
    "runner_type": "warp-ubuntu-latest-x64-16x"
  },
  "golden_id": "slatedb-v0.14.1",
  "initial_state": {
    "checkpoint_id": "15622530-c272-4357-b478-742b821ccf4e",
    "kind": "golden",
    "lsm_digest_sha256": "2943c581e0eb2a5e6a92660be3fa689702bc2615e4479a981cc65c4750aca684",
    "manifest_id": 942
  },
  "machine": {
    "cpu_percent": {
      "avg": 16.940944298838094,
      "max": 21.171171188354492,
      "min": 0.3754693269729614,
      "p50": 17.06683921813965,
      "p95": 19.096773147583008,
      "p99": 20.167524337768555,
      "p999": 20.90322494506836
    },
    "disk_read_bytes_per_second": {
      "avg": 521.060953760477,
      "max": 471039.1021994712,
      "min": 0.0,
      "p50": 0.0,
      "p95": 0.0,
      "p99": 0.0,
      "p999": 0.0
    },
    "disk_read_operations_per_second": {
      "avg": 0.12721214691417895,
      "max": 114.99978081041778,
      "min": 0.0,
      "p50": 0.0,
      "p95": 0.0,
      "p99": 0.0,
      "p999": 0.0
    },
    "disk_write_bytes_per_second": {
      "avg": 815278612.474784,
      "max": 1017845925.2831689,
      "min": 8358385.805507027,
      "p50": 817701138.7862138,
      "p95": 928161448.6978985,
      "p99": 967068717.8295462,
      "p999": 1003773533.4178388
    },
    "disk_write_operations_per_second": {
      "avg": 443.17110472664433,
      "max": 696.0024534086483,
      "min": 5.99739931175205,
      "p50": 447.9952996333163,
      "p95": 548.997721659455,
      "p99": 611.0073809691621,
      "p999": 691.0121555948291
    },
    "network_receive_bytes_per_second": {
      "avg": 852952722.2605264,
      "max": 1004308684.5712726,
      "min": 5442166.080869357,
      "p50": 860268226.433185,
      "p95": 945274825.9564471,
      "p99": 989171800.1853392,
      "p999": 1003954023.1875837
    },
    "network_send_bytes_per_second": {
      "avg": 4326863.336675554,
      "max": 5324712.072832554,
      "min": 87043.25491111337,
      "p50": 4384418.329383649,
      "p95": 4831475.673382644,
      "p99": 4997441.496932313,
      "p999": 5094453.062019409
    },
    "rss_bytes": {
      "avg": 2829026371.964602,
      "max": 3228852224.0,
      "min": 2319405056.0,
      "p50": 2779979776.0,
      "p95": 3172257792.0,
      "p99": 3200929792.0,
      "p999": 3219480576.0
    }
  },
  "object_store": {
    "requests": {
      "GET": {
        "avg_per_second": 210.7321593574713,
        "max_per_second": 269.0058963402419,
        "min_per_second": 5.0031426540141215,
        "p50_per_second": 212.99888154287302,
        "p95_per_second": 238.00386970491755,
        "p999_per_second": 264.9991631326428,
        "p99_per_second": 249.00320043813522,
        "total": 190704
      },
      "POST": {
        "avg_per_second": 0.004420088920158388,
        "max_per_second": 2.0000500492524327,
        "min_per_second": 0.0,
        "p50_per_second": 0.0,
        "p95_per_second": 0.0,
        "p999_per_second": 2.0000112960638003,
        "p99_per_second": 0.0,
        "total": 4
      },
      "PUT": {
        "avg_per_second": 0.002210044460079194,
        "max_per_second": 1.0000250246262163,
        "min_per_second": 0.0,
        "p50_per_second": 0.0,
        "p95_per_second": 0.0,