{
  "application": {
    "latency": {
      "durable": {
        "avg_ns": 199334258.92200634,
        "count": 17681,
        "max_ns": 1188863000,
        "min_ns": 18288000,
        "p50_ns": 113087000,
        "p95_ns": 720383000,
        "p999_ns": 1100799000,
        "p99_ns": 937471000
      },
      "flush": {
        "avg_ns": 37000.0,
        "count": 1,
        "max_ns": 37000,
        "min_ns": 37000,
        "p50_ns": 37000,
        "p95_ns": 37000,
        "p999_ns": 37000,
        "p99_ns": 37000
      },
      "get": {
        "avg_ns": 171035687.8926241,
        "count": 336836,
        "max_ns": 24444927000,
        "min_ns": 2000,
        "p50_ns": 4471000,
        "p95_ns": 448767000,
        "p999_ns": 9494527000,
        "p99_ns": 1948671000
      },
      "put": {
        "avg_ns": 31532.153158757974,
        "count": 17681,
        "max_ns": 1870000,
        "min_ns": 2000,
        "p50_ns": 28000,
        "p95_ns": 62000,
        "p999_ns": 158000,
        "p99_ns": 96000
      }
    },
    "operations": {
      "flush": {
        "avg_per_second": 0.0011101009808624337,
        "max_per_second": 0.0,
        "min_per_second": 0.0,
        "p50_per_second": 0.0,
        "p95_per_second": 0.0,
        "p999_per_second": 0.0,
        "p99_per_second": 0.0,
        "total": 1
      },
      "get": {
        "avg_per_second": 373.92197398977873,
        "max_per_second": 523.9936366212769,
        "min_per_second": 175.99363255037434,
        "p50_per_second": 381.988839814056,
        "p95_per_second": 462.0116634844447,
        "p999_per_second": 515.992720374701,
        "p99_per_second": 494.9953574385426,
        "total": 336836
      },
      "put": {
        "avg_per_second": 19.627695442628692,
        "max_per_second": 35.99954726969354,
        "min_per_second": 5.000060205724937,
        "p50_per_second": 19.000687558880006,
        "p95_per_second": 29.99922332010824,
        "p999_per_second": 35.001340936372614,
        "p99_per_second": 33.00163526402897,
        "total": 17681
      }
    },
    "throughput": {
      "get": {
        "avg_bytes_per_second": 157047.2290757071,
        "max_bytes_per_second": 220077.32738093627,
        "min_bytes_per_second": 73917.32567115722,
        "p50_bytes_per_second": 160435.31272190352,
        "p95_bytes_per_second": 194044.89866346677,
        "p999_bytes_per_second": 216716.9425573744,
        "p99_bytes_per_second": 207898.0501241879,
        "total_bytes": 141471120
      },
      "put": {
        "avg_bytes_per_second": 8243.632085904052,
        "max_bytes_per_second": 15119.809853271285,
        "min_bytes_per_second": 2100.0252864044737,
        "p50_bytes_per_second": 7980.288774729603,
        "p95_bytes_per_second": 12599.67379444546,
        "p999_bytes_per_second": 14700.563193276497,
        "p99_bytes_per_second": 13860.686810892166,
        "total_bytes": 7426020
      }
    }
  },
  "client_measurement_ns": 900814956453,
  "configuration": {
    "build_profile": "release",
    "caches": {
      "block_bytes": 4294967296,
      "metadata_bytes": 536870912,
      "object_store_bytes": 17179869184
    },
    "dataset": {
      "key_bytes": 20,
      "record_count": 300000000,
      "value_bytes": 400,
      "value_compression_ratio": 1.0
    },
    "enabled_features": [
      "aws",
      "foyer",
      "wal_disable",
      "zstd"
    ],
    "scale": 1.0,
    "slate_settings": {
      "compactor_options": {
        "commit_compacted_interval": "1s",
        "manifest_update_timeout": "300s",
        "max_concurrent_compactions": 4,
        "metric_level": null,
        "poll_interval": "5s",
        "scheduler_options": {},
        "worker": {
          "bytes_to_fetch": 2097152,
          "compactions_poll_interval": "5s",
          "compression_codec": null,
          "heartbeat_bytes": 5242880,
          "heartbeat_min_interval": "5s",
          "max_concurrent_compactions": 4,
          "max_fetch_tasks": 4,
          "max_sst_size": 268435456,
          "max_subcompactions": 4,
          "metric_level": null,
          "min_filter_keys": 1000
        },
        "worker_heartbeat_timeout": "30s"
      },
      "compression_codec": null,
      "default_ttl": null,
      "flush_interval": "100ms",
      "garbage_collector_options": {
        "compacted_options": {
          "dry_run": false,
          "interval": "60s",
          "min_age": "300s"
        },
        "compactions_options": {
          "dry_run": false,
          "interval": "60s",
          "min_age": "300s"
        },
        "detach_options": {
          "interval": "60s"
        },
        "manifest_options": {
          "dry_run": false,
          "interval": "60s",
          "min_age": "300s"
        },
        "metric_level": null,
        "wal_fence_options": {
          "dry_run": true,
          "interval": "60s",
          "min_age": "300s"
        },
        "wal_options": {
          "dry_run": false,
          "interval": "60s",
          "min_age": "300s"
        }
      },
      "l0_flush_parallelism": 4,
      "l0_max_ssts": 8,
      "l0_max_ssts_per_key": 8,
      "l0_sst_size_bytes": 67108864,
      "manifest_poll_interval": "1s",
      "manifest_update_timeout": "300s",
      "max_unflushed_bytes": 1073741824,
      "max_wal_flushes_before_l0_flush": 4096,
      "metric_level": "Info",
      "min_filter_keys": 1000,
      "object_store_cache_options": {
        "cache_puts": false,
        "max_cache_size_bytes": 17179869184,
        "max_open_file_handles": 1000,
        "part_size_bytes": 4194304,
        "preload_disk_cache_on_startup": null,
        "root_folder": null,
        "scan_interval": "3600s"
      },
      "wal_enabled": true
    },
    "task": {
      "clients": 64,
      "initial_state": "golden",
      "key_selection": "scrambled-zipfian-0.99",
      "measurement_ms": 900000,
      "operation_mix": {
        "get": 0.95,
        "put": 0.05
      },
      "scan_limit": null,
      "task": "read-heavy",
      "transaction_hot_keys": null,
      "transaction_reads": null,
      "transaction_updates": null,
      "warmup_ms": 300000
    }
  },
  "durability_drain_ns": 83226,
  "environment": {
    "cpu_cores": 16,
    "cpu_model": "AMD Ryzen 9 7950X3D 16-Core Processor",
    "endpoint": "https://t3.storage.dev",
    "hostname": "warp-16x-x64-wranc81l205ihj9p",
    "kernel": "6.17.0-1018-azure",
    "local_disk": "/dev/vda1:/, /dev/vda16:/boot, /dev/vda15:/boot/efi",
    "object_store": "Tigris",
    "os": "Ubuntu 24.04",
    "ram_bytes": 67426021376,
    "region": "fra",
    "runner_type": "warp-ubuntu-latest-x64-16x"
  },
  "golden_id": "slatedb-v0.14.1",
  "initial_state": {
    "checkpoint_id": "15622530-c272-4357-b478-742b821ccf4e",
    "kind": "golden",
    "lsm_digest_sha256": "2943c581e0eb2a5e6a92660be3fa689702bc2615e4479a981cc65c4750aca684",
    "manifest_id": 942
  },
  "machine": {
    "cpu_percent": {
      "avg": 15.510121642218696,
      "max": 21.637426376342773,
      "min": 7.583547592163086,
      "p50": 15.687540054321289,
      "p95": 19.275550842285156,
      "p99": 20.559532165527344,
      "p999": 21.59017562866211
    },
    "disk_read_bytes_per_second": {
      "avg": 523.3737446597014,
      "max": 471036.3701937312,
      "min": 0.0,
      "p50": 0.0,
      "p95": 0.0,
      "p99": 0.0,
      "p999": 0.0
    },
    "disk_read_operations_per_second": {
      "avg": 0.1277767931298099,
      "max": 114.99911381682891,
      "min": 0.0,
      "p50": 0.0,
      "p95": 0.0,
      "p99": 0.0,
      "p999": 0.0
    },
    "disk_write_bytes_per_second": {
      "avg": 741918720.258005,
      "max": 1018165938.6216617,
      "min": 326078954.46342754,
      "p50": 749028628.1283429,
      "p95": 898997155.2223793,
      "p99": 952933329.1202104,
      "p999": 990923977.4071836
    },
    "disk_write_operations_per_second": {
      "avg": 654.4674900313796,
      "max": 1000.038312467789,
      "min": 294.9893272861388,